34.7886,27.162,8.1196,0,0.016434,0.040806,0.000137285,0.000594,0.0002592,0.000126,0.0150732,0.001134,0.000000432,0.000021402,0.0017874
13.2373,11.8189,6.2988,66.0798,0.0571237,0.0320034,9.70068E-05,0.0019878,0.0001379,0.0004846,0.001101,0.0001035,3.834E-07,4.78236E-05,0.00448
16.902,13.1079,3.7002,13.5896,0.0323984,0.0308616,5.87649E-05,0.0012792,0.0001358,0.000072,0.0064307,0.0006055,2.396E-07,2.06297E-05,0.0017069
9.1281,5.0588,1.3933,22.0527,0.0114504,0.0220557,6.8105E-06,0.0010013,0.0001131,0.0000659,0.0022287,0.0005045,1.4754E-06,1.81187E-05,0.0032254
5.4767,2.3146,0.7548,10.4247,0.0086513,0.0155858,2.62818E-05,0.0003243,0.0000506,0.0000958,0.0011446,0.0003328,1.258E-07,0.00002253,0.0012671
13.1678,9.6446,2.8905,4.0454,0.0072553,0.0182664,4.86216E-05,0.0002384,0.0001056,0.0000538,0.0054636,0.00051,0.000000153,1.27846E-05,0.001296
22.516,11.8071,4.0382,19.9142,0.2198337,0.0750798,2.00093E-05,0.003923,0.0004264,0.0001788,0.0029522,0.000463,4.048E-07,5.85438E-05,0.0013556
17.0518,8.7124,2.8284,9.5895,0.2022765,0.0487116,8.84625E-05,0.0044361,0.0001494,0.0003014,0.0004003,0.0000832,4.313E-07,7.99405E-05,0.0011611
0.2042,0.1892,0.0895,0.0598,0.0011906,0.0004995,1.3908E-06,0.0000209,0.0000013,0.0000025,0.0000363,0.0000046,2.53E-08,5.338E-07,0.0001583
0.7906,3.0056,0.5257,3.253,0.0020788,0.0035818,6.72253E-05,0.0013891,0.0000068,0.0000136,0.0002042,0.0000705,6.32E-08,0.000003435,0.0039842
5.8272,20.9325,14.0863,40.9086,0.0240091,0.0130402,0.000196153,0.0011636,0.0000549,0.0001487,0.0002995,0.0000533,2.212E-07,2.48389E-05,0.0014666
9.9928,33.3614,22.7867,71.0758,0.0246668,0.0241482,0.000295217,0.0018274,0.0001007,0.0001619,0.0006925,0.0000812,1.578E-07,0.000040382,0.0034898
7.2742,4.467,1.5238,3.4339,0.0246967,0.0129204,8.22465E-05,0.0009026,0.0000487,0.0003239,0.0010793,0.0001176,0.000000461,4.87631E-05,0.0004133
18.1751,15.6896,7.8189,13.3365,0.1223277,0.0364358,0.00111351,0.0022931,0.0001395,0.0008094,0.0034403,0.0003759,1.0637E-06,0.000115742,0.0177925
3.5512,2.6904,1.0836,1.744,0.0246173,0.0042158,4.67541E-05,0.0004691,0.0000289,0.0001467,0.0000613,0.0000333,3.014E-07,1.67876E-05,0.0002006
0.407,1.9949,0.3473,0.7606,0.0025402,0.0028501,5.009E-07,0.0008146,0.0000027,0.0000041,0.0001239,0.0000091,4.22E-08,1.0432E-06,0.0000576
7.2562,9.6775,2.1088,8.5378,0.0469065,0.023621,0.003576141,0.0041697,0.0001156,0.0002977,0.0006714,0.0002656,4.313E-07,0.000035643,0.0446627
29.054,22.6543,6.7736,0.4501,0.0200726,0.0382678,0.000117894,0.0005773,0.0002182,0.0001074,0.012582,0.00095,0.00000036,0.000020115,0.0019646
0.033,0.041,0.0017,37.5975,0.0079073,0.0030146,3.14716E-05,0.0000077,0.0000023,0.0000064,0.000013,0.0000094,0,2.1184E-06,0.0008959
1.9247,1.3705,0.9262,5.0581,0.0394668,0.0174151,1.65846E-05,0.0000663,0.0000191,0.0000377,0.0003636,0.000021,2.16E-08,3.7116E-06,0.0010568
0.9428,0.179,0.0066,31.0842,0.0116836,0.0109252,5.437E-07,0.00001,0.0000251,0.0000126,0.0004312,0.0000474,0,6.6323E-06,0.0090603
2.4978,2.7635,0.4708,10.7508,0.0247466,0.02715,7.09718E-05,0.0019126,0.0000842,0.0000673,0.001189,0.000241,0,3.64871E-05,0.0116489
8.9488,13.4279,5.401,53.9764,0.0534782,0.0247931,6.01048E-05,0.0035629,0.0001,0.0003964,0.0008756,0.0000705,2.872E-07,2.76174E-05,0.0033388
7.2926,3.0282,1.4788,63.7028,0.0691121,0.0248642,2.48345E-05,0.0008,0.0000784,0.0003219,0.000809,0.0000721,2.737E-07,2.14135E-05,0.002474
14.7881,1.916,0.3192,90.1822,0.0222227,0.060016,0.000792952,0.0009256,0.000179,0.0001542,0.001839,0.000179,0,5.48885E-05,0.0220148
3.3322,0.3959,0.1486,36.3103,0.0117776,0.0196386,0.001258864,0.000354,0.0000662,0.000028,0.0008,0.0000783,0,2.46889E-05,0.0121357
4.2133,4.9828,3.3391,27.4806,0.0251444,0.0114809,4.20625E-05,0.00039,0.0000474,0.0001423,0.0003927,0.0000339,1.359E-07,1.32577E-05,0.0015991
1.6145,0.1363,0.0005,9.87,0.0038192,0.0140273,0,0.0000125,0.00005,0.0000166,0.0008897,0.0000931,0,7.1375E-06,0.0184432
0.4304,0.036,0,2.6308,0.0006176,0.0033915,0,0.0000033,0.0000133,0.0000044,0.0002373,0.0000248,0,1.9033E-06,0.0049172
26.5054,23.7978,4.3074,114.9118,0.0250219,0.0870775,0.000073916,0.0076266,0.0002079,0.0006538,0.0134705,0.001029,3.425E-07,0.000151572,0.0281316
9.1617,23.3697,15.7243,53.8781,0.0353902,0.0229257,0.000211668,0.0014326,0.0000932,0.0001662,0.0006217,0.0000744,2.425E-07,3.60505E-05,0.003036
14.5041,11.5282,6.4397,73.6911,0.0973963,0.0320698,0.000135986,0.0014647,0.0001465,0.0003742,0.0008534,0.0001305,8.166E-07,5.55009E-05,0.0037563
9.1289,4.7515,1.5923,29.3665,0.0251827,0.0139457,8.22465E-05,0.0011138,0.0000756,0.0002688,0.0003101,0.0000805,4.313E-07,4.42805E-05,0.0015793
0.8615,0.6083,0.2094,13.7911,0.0038423,0.0022527,1.13089E-05,0.0001241,0.0000062,0.0000381,0.0000079,0.0000118,5.93E-08,0.000004583,0.0000425
6.3958,4.461,1.5258,6.879,0.0220525,0.0071146,8.25003E-05,0.0009026,0.0000464,0.0002506,0.0000891,0.0000614,4.313E-07,3.40604E-05,0.0007807
6.5125,8.3803,4.7532,35.55,0.019421,0.0118384,9.94646E-05,0.0009313,0.0000551,0.0001896,0.0002404,0.0000606,2.899E-07,3.09923E-05,0.0012222
2.0225,2.7393,0.6303,7.0024,0.0102012,0.0038672,1.99924E-05,0.0009507,0.0000172,0.000066,0.0000668,0.0000188,1.227E-07,9.3752E-06,0.0003109
3.3885,12.9347,8.7078,38.3586,0.012015,0.0088059,0.000120987,0.0007143,0.0000313,0.0000894,0.0001677,0.0000349,1.131E-07,1.52522E-05,0.0008393
7.8107,8.0109,2.7006,28.5048,0.0745031,0.0169023,6.68537E-05,0.002231,0.0000799,0.0002463,0.0004173,0.000073,6.181E-07,2.79415E-05,0.0016466
6.3466,4.4457,1.5317,1.6995,0.025338,0.0082065,8.22603E-05,0.000905,0.0000476,0.0002479,0.0000759,0.0000648,4.313E-07,3.39044E-05,0.0007034
0.0924,1.9414,1.3809,0.283,0.0006052,0.0004702,1.67376E-05,0.0000602,0.0000006,0.0000072,0.0000766,0.0000046,3.1E-09,0.000001162,0.0000074
9.9092,6.7346,2.2856,3.0803,0.0362078,0.015643,0.000124457,0.001354,0.0000734,0.0003825,0.0002065,0.0000975,0.000000647,5.12858E-05,0.0021216
10.9651,7.7433,2.666,1.584,0.0393631,0.0112546,0.000143931,0.0015796,0.0000786,0.0004322,0.0001009,0.0001001,7.548E-07,5.83284E-05,0.000545
12.531,8.8481,3.0463,1.8051,0.0432684,0.0113663,0.000164493,0.0018053,0.0000897,0.000494,0.0001153,0.0001144,8.626E-07,0.000066661,0.0006185
16.0376,9.6684,3.384,10.1769,0.1295055,0.0446384,2.00093E-05,0.0021838,0.0003703,0.0001426,0.002717,0.0003411,4.048E-07,3.17099E-05,0.0011419
11.0109,11.42,6.3196,34.7054,0.1119086,0.0261366,0.000150029,0.0012565,0.0001057,0.0004056,0.0004409,0.0001074,9.697E-07,4.25345E-05,0.0016353
12.5224,8.4327,2.3912,24.3492,0.0485077,0.0795058,4.38926E-05,0.0055783,0.0001572,0.0001196,0.0040802,0.0005114,2.0939E-06,0.000095816,0.0073048
0.2711,0.1648,0.0505,0.5032,0.0015617,0.0018023,2.73522E-05,0.0000763,0.0000038,0.0000034,0.0001546,0.0000211,2.4E-09,5.539E-07,0.0015487
25.5319,15.8225,7.3221,88.4651,0.1125898,0.0513978,0.00021941,0.002811,0.0002357,0.0006601,0.0012386,0.0002176,1.1998E-06,0.000110742,0.005898
45.9771,44.106,12.2811,67.201,0.1877095,0.0578041,0.000514921,0.0128032,0.0003652,0.0016166,0.0010652,0.0004149,2.9232E-06,0.000226535,0.0050876
9.6345,4.2721,2.1289,55.7904,0.0740103,0.0235751,0.000053146,0.0007728,0.0001034,0.0002259,0.0006628,0.0000864,5.462E-07,3.37953E-05,0.002864
4.1046,3.8517,2.1555,8.4947,0.0741346,0.0088803,5.60049E-05,0.0003546,0.0000446,0.0001972,0.0001703,0.0000449,5.909E-07,1.14727E-05,0.0003486
5.3,4.7673,2.533,10.5435,0.0828411,0.0104896,7.18569E-05,0.0005091,0.0000543,0.0002474,0.0001912,0.0000568,6.963E-07,0.000017055,0.0004185
14.1899,44.375,29.3178,119.5249,0.0448038,0.0421209,0.000420624,0.0025291,0.0001341,0.000363,0.0010121,0.0001587,4.488E-07,6.57475E-05,0.0095874
30.0731,38.5033,24.3229,188.0459,0.057957,0.0685414,0.000358273,0.0036473,0.0002994,0.0004558,0.0020863,0.0002391,4.884E-07,0.000124852,0.0105002
5.5674,9.5715,2.5897,12.3839,0.0418858,0.0409852,4.14836E-05,0.0028724,0.0000354,0.000183,0.0004468,0.0000381,1.089E-07,1.67501E-05,0.0003332
2.9239,2.0646,0.7108,20.3004,0.011358,0.0047921,3.83817E-05,0.0004212,0.0000209,0.0001213,0.0000269,0.0000325,2.013E-07,1.55542E-05,0.0001443
10.3286,9.1957,2.095,52.5303,0.0305712,0.0216489,8.22465E-05,0.0031402,0.0000866,0.000291,0.0004241,0.0000935,4.313E-07,4.81877E-05,0.0019602
6.1838,21.9458,14.6553,41.4922,0.0209912,0.0129638,0.000208767,0.0012653,0.0000559,0.0001645,0.0002832,0.0000567,2.286E-07,2.77496E-05,0.0014269
5.3286,21.4696,11.5072,34.0419,0.0504524,0.0427147,0.000137462,0.0030408,0.0000399,0.0001631,0.0005128,0.00004,9.11E-08,1.26514E-05,0.0006588
0.6123,0.3904,0.1056,3.0315,0.0041057,0.003766,5.099E-07,0.000077,0.0000072,0.0000044,0.0002428,0.0000181,1.047E-07,7.334E-07,0.0001383
12.5345,8.858,3.0501,6.8109,0.0556096,0.0223746,0.000164493,0.0018053,0.0000901,0.0004955,0.0001153,0.0001158,8.626E-07,0.000066661,0.0006494
9.8322,12.251,6.9501,24.023,0.075683,0.0165337,0.000153901,0.0012714,0.0000893,0.0003518,0.0003477,0.0000923,7.692E-07,4.12808E-05,0.0013824
10.576,7.6204,2.286,6.3287,0.0155182,0.0193281,9.78875E-05,0.0004887,0.0000897,0.0000538,0.0044908,0.0004278,0.00000012,1.55073E-05,0.0050203
3.6904,2.2931,0.8048,7.3115,0.01791,0.0096082,0.000983478,0.0005425,0.0000464,0.0001376,0.0002056,0.0000652,2.156E-07,2.10706E-05,0.00815
21.5779,29.6434,7.1532,8.8152,0.0119796,0.0341155,2.13143E-05,0.007325,0.0006716,0.0002144,0.0050677,0.0007145,8.095E-07,2.09392E-05,0.0034236
6.2655,4.424,1.5232,0.9026,0.0216342,0.0056832,8.22465E-05,0.0009026,0.0000448,0.000247,0.0000576,0.0000572,4.313E-07,3.33305E-05,0.0003093
15.5008,14.9725,4.3168,40.0446,0.1315339,0.0573604,0.000150626,0.0039758,0.0001219,0.0006064,0.0007167,0.0001436,1.0661E-06,6.00509E-05,0.0017899
29.4796,22.7616,6.7782,4.1141,0.0216744,0.0395896,0.001509496,0.0008692,0.000247,0.0001252,0.0128269,0.0010376,0.00000036,1.86959E-05,0.0194928
10.7625,6.8226,2.0403,17.0134,0.0060201,0.024935,3.43211E-05,0.0001721,0.0000716,0.0000635,0.0042568,0.000511,0.000000108,1.57018E-05,0.0004586
1.0604,0.4104,0.1181,4.7626,0.0013524,0.0041052,6.69838E-05,0.000259,0.0000154,0.0000151,0.0003654,0.0001009,1.047E-07,3.4935E-06,0.0040999
0.8512,0.4109,0.1166,3.7036,0.0043048,0.0048236,7.04741E-05,0.0003254,0.0000117,0.0000149,0.0002803,0.00008,1.047E-07,4.3918E-06,0.0043553
7.4923,9.4534,3.2922,62.8169,0.0864318,0.0191147,9.16895E-05,0.0032682,0.0000785,0.0003297,0.0003111,0.0000778,7.355E-07,2.64337E-05,0.0008836
11.8926,6.0538,3.7193,72.4209,0.0782808,0.0320509,5.09295E-05,0.0008384,0.0001349,0.0003612,0.0010919,0.0000962,4.483E-07,3.69546E-05,0.0044821
1.752,0.7076,0.4388,10.2314,0.0208017,0.0135032,0.000008032,0.0000331,0.0000434,0.0000248,0.0007126,0.0000756,1.08E-08,6.1829E-06,0.0148398
0.4684,0.3648,0.1342,0,0.0002169,0.0005218,5.329E-07,0.0000102,0.0000157,0.0000046,0.0001195,0.0000084,2.02E-08,8.44E-08,0.0000336
12.4144,5.7012,1.7068,37.7601,0.1922618,0.053916,1.41207E-05,0.0058982,0.0001234,0.0000816,0.0006822,0.0000809,3.5E-09,5.48379E-05,0.0012239
8.3541,7.4315,4.9987,61.8347,0.2098124,0.0278916,8.57682E-05,0.0003347,0.000115,0.0003612,0.0006622,0.0000978,1.3414E-06,1.18149E-05,0.0023449
2.6191,0.32,0.0648,25.0162,0.011471,0.010222,0.000003108,0.0002224,0.00003,0.0000186,0.0002392,0.000022,0,1.19334E-05,0.0018226
4.4207,2.6995,0.72,28.6596,0.0262263,0.0158304,0.000584138,0.0010861,0.0000617,0.0001499,0.0004993,0.0000543,1.118E-07,1.60015E-05,0.0071518
11.6598,7.5872,3.2294,71.5399,0.0687457,0.03169,3.99519E-05,0.002022,0.0001309,0.0003889,0.0010934,0.0000927,3.809E-07,3.68124E-05,0.0044474
34.5666,30.1232,19.7178,214.3604,0.1885794,0.0965409,0.000249319,0.0029028,0.0003853,0.001271,0.0032953,0.0002706,9.757E-07,0.000110333,0.0132576
18.1352,16.8477,11.1058,111.694,0.1215503,0.0504646,0.000143354,0.0015065,0.0002054,0.0006172,0.0016842,0.0001466,0.000000676,5.57587E-05,0.0067791
5.4077,9.1366,6.2454,39.5637,0.0334335,0.0158056,7.76933E-05,0.0005778,0.0000605,0.0002496,0.0005279,0.0000445,1.712E-07,1.65789E-05,0.0020017
1.0481,0.1281,0.005,10.2615,0.005616,0.0119369,3.625E-07,0.0000067,0.0000291,0.0000128,0.0005194,0.0000546,0,4.8494E-06,0.0105181
2.9754,13.2501,9.2754,24.1193,0.0071394,0.0084657,0.000111584,0.0006126,0.0000323,0.0000301,0.0002525,0.0000226,5.8E-09,1.09799E-05,0.001271
3.3442,0.1134,0.0874,13.2132,0.0055672,0.0101268,0,0.000159,0.0000838,0.000029,0.0002888,0.000472,0,2.23775E-05,0.0041602
1.8719,16.3846,11.5491,34.5298,0.0124136,0.0061062,0.00013948,0.0006326,0.0000217,0.0000256,0.0001579,0.0000173,7.3E-09,8.4108E-06,0.0013051
5.8275,12.285,8.4237,57.4894,0.010252,0.0168752,0.000100426,0.0007837,0.0000629,0.0000524,0.000505,0.0000474,5.2E-09,2.19269E-05,0.00254
4.2368,2.4273,0.6277,27.7303,0.0196642,0.0114887,6.4589E-06,0.0009496,0.0000463,0.0002534,0.000448,0.0000329,1.006E-07,1.32216E-05,0.001583
9.8855,33.3136,23.2678,60.7935,0.059005,0.0271731,0.000285014,0.0015588,0.0001096,0.0005972,0.0010106,0.0000766,2.823E-07,2.94893E-05,0.0035433
1.669,15.6847,11.1332,17.4,0.0177384,0.0170461,0.001707481,0.0006478,0.0000659,0.0000406,0.0006538,0.0001,0.000000007,1.04479E-05,0.0225454
0.836,22.5176,2.6328,3.3033,0.0013918,0.0025317,0,0.0102998,0.000021,0.0000072,0.0000722,0.000118,0,5.5944E-06,0.00104
6.2923,4.0175,0.5459,40.048,0.0092158,0.0170444,3.982E-07,0.0019432,0.0000661,0.000357,0.0006796,0.0000444,5.6E-09,2.19045E-05,0.0025515
7.8625,0.89,0.2399,78.439,0.00508,0.031335,0,0.000675,0.000093,0.0000305,0.001685,0.0000865,0,0.00005593,0
0.0191,0.0081,0.003,1.8513,0.0004579,0.0007226,2.549E-07,0.0000347,0.0000004,0.0000009,0.0000081,0.0000021,0,7.492E-07,0.0000488
16.8766,1.6714,0.4987,186.7738,0.0122609,0.0483986,3.1262E-06,0.0008674,0.0001889,0.0000415,0.002617,0.000192,0,3.95717E-05,0
1.1961,0.1407,0.0133,7.1437,0.0049642,0.0123723,0.000348768,0.0000993,0.0000357,0.0000163,0.0006269,0.0000722,0,4.2736E-06,0.0141893
10.575,4.2625,1.2984,7.4625,0.1748125,0.0410125,0,0.0034625,0.0001,0.00005,0.0003125,0.0000199,0,0.00004375,0
7.3687,16.7387,11.4794,35.0203,0.0785198,0.015488,0.000160454,0.0009603,0.0000679,0.0001317,0.0003834,0.000046,0.00000013,2.29201E-05,0.001946
14.5461,12.6638,7.4794,72.273,0.1087719,0.0356391,0.000128387,0.0015339,0.0001573,0.0003326,0.0010048,0.0001261,7.919E-07,5.09683E-05,0.0042815
7.2011,6.5149,3.4871,15.3773,0.1149654,0.0145352,9.77151E-05,0.0006824,0.0000744,0.0003378,0.000265,0.0000776,9.582E-07,2.27641E-05,0.0005744
3.235,8.6347,5.7922,25.2598,0.0080971,0.0078531,7.84649E-05,0.0005362,0.0000318,0.0000585,0.0002101,0.0000277,6.39E-08,1.34442E-05,0.0010593
4.1474,6.3341,4.0128,30.71,0.0710532,0.0123616,7.26518E-05,0.0004086,0.0000466,0.0001824,0.000229,0.0000501,5.283E-07,1.13906E-05,0.000899
6.7839,4.4534,1.5252,3.1295,0.0263389,0.0094945,0.00111814,0.0009733,0.0000526,0.0002708,0.0003302,0.00011,4.372E-07,0.000039871,0.0012325
5.9779,12.2405,8.4575,21.7781,0.0972823,0.0554434,0.00031162,0.0018688,0.0000818,0.0003167,0.0036646,0.0005046,9.42E-08,8.46019E-05,0.0073796
12.4507,6.536,2.1387,9.2115,0.2520276,0.0589139,0.000495558,0.0031517,0.0001344,0.0003766,0.0006806,0.0002404,4.313E-07,6.68429E-05,0.0090039
6.7509,4.9748,1.3526,0.1947,0.0024842,0.0091749,7.0534E-06,0.0009491,0.0000701,0.0000447,0.0020106,0.0002091,1.3959E-06,3.7437E-06,0.0007497
34.8314,27.1486,7.9608,5.4528,0.0571524,0.0582518,0.000136233,0.0053396,0.0002658,0.0001443,0.0151299,0.0011662,0.00000042,2.58213E-05,0.0017572
7.3034,6.2865,1.7652,0.165,0.0035777,0.0090462,2.86966E-05,0.0004218,0.0000542,0.0000271,0.0031492,0.0002429,0.00000009,5.0053E-06,0.0003907
17.6922,13.6701,5.2499,6.9816,0.0749804,0.0175105,0.000240979,0.0025245,0.0001301,0.0007066,0.0001925,0.0001639,1.2871E-06,9.17427E-05,0.0009057
41.3933,45.553,9.8432,103.2778,0.0665496,0.090079,0.000201168,0.0130974,0.000412,0.0005756,0.0195052,0.0009986,0.000000887,0.000097932,0.0022361
4.1438,4.988,1.196,11.6489,0.0170364,0.00603,4.32675E-05,0.001659,0.0000338,0.0001391,0.0001164,0.0000382,2.492E-07,2.00635E-05,0.000554
8.2091,7.7034,4.311,26.9289,0.1489003,0.0188306,0.00011201,0.0007092,0.0000892,0.0003975,0.0003406,0.0000927,1.1818E-06,2.29454E-05,0.0006971
4.1297,8.5888,5.7589,32.6334,0.0083988,0.0105028,7.51751E-05,0.0005846,0.0000423,0.0000561,0.0003088,0.0000336,4.66E-08,0.000016491,0.0015549
1.8796,1.3272,0.457,26.7764,0.0081729,0.0045583,2.46739E-05,0.0002708,0.0000134,0.0000821,0.0000173,0.0000249,1.294E-07,9.9992E-06,0.0000928
4.4084,2.38,0.7919,18.8072,0.0127179,0.007685,0.000041377,0.0005358,0.0000363,0.000136,0.0001612,0.0000424,2.156E-07,2.17752E-05,0.0011341
8.9577,19.3751,12.3788,23.3291,0.0564512,0.0162803,0.000201154,0.001387,0.0000837,0.0002722,0.0003946,0.0000782,0.000000548,3.72532E-05,0.0017502
5.4634,25.5514,17.2938,14.6021,0.043523,0.010097,0.000244327,0.0012678,0.0000508,0.0001929,0.0002045,0.0000563,3.934E-07,2.21003E-05,0.0014109
4.936,2.4085,0.803,26.7131,0.0135334,0.0093619,4.11233E-05,0.0005781,0.000041,0.00014,0.0001857,0.0000525,2.156E-07,2.35552E-05,0.0009166
6.0355,4.7099,2.8908,34.2909,0.0306107,0.0153413,0.000044522,0.0005371,0.0000638,0.0002689,0.0005266,0.0000485,1.978E-07,2.07136E-05,0.0020262
4.0646,9.4465,6.0776,18.3265,0.0117967,0.0076681,9.43659E-05,0.0006825,0.0000364,0.0001023,0.0001875,0.0000347,1.473E-07,1.84281E-05,0.0009503
0.1273,0.0154,0.0019,0.4059,0.0004015,0.0010193,1.708E-07,0.0000066,0.0000017,0.0000058,0.0000759,0.0000058,1.5E-09,1.2758E-06,0.0002751
4.5374,2.6872,0.291,11.373,0.0077682,0.0273312,0,0.00114,0.000017,0.0003459,0.0045973,0.0002718,1.335E-07,6.94467E-05,0.0004526
6.4416,4.1242,0.9151,21.4066,0.0159046,0.0320829,4.81011E-05,0.0010213,0.0000616,0.0002005,0.00081,0.0001061,2.156E-07,2.63214E-05,0.01102
14.043,13.1296,4.5723,4.2231,0.0932242,0.0162045,0.000185935,0.0029856,0.000112,0.000579,0.0002286,0.0001327,0.000001198,6.69329E-05,0.0008026
12.5328,8.853,3.0482,1.8231,0.0492813,0.0166029,0.000164493,0.0018053,0.0000899,0.000494,0.0001153,0.0001144,8.626E-07,0.000066661,0.0006339
6.3399,4.7123,1.6649,1.4739,0.0225846,0.0073675,0.000082249,0.0011459,0.0000477,0.0002485,0.0000824,0.0000633,4.313E-07,3.39875E-05,0.0003092
1.3592,2.4111,0.4798,0.9757,0.0080238,0.0036197,0.00036646,0.0009693,0.0000164,0.0000548,0.0000747,0.0000328,8.63E-08,7.1286E-06,0.0045776
6.6547,4.424,1.5232,1.6388,0.0218077,0.0084099,8.22465E-05,0.0009026,0.0000452,0.0002526,0.0001051,0.0001055,4.313E-07,3.54555E-05,0.0003093
7.6783,4.7988,1.5984,3.6537,0.175392,0.0401906,0.000489342,0.0016745,0.0000747,0.0003502,0.000504,0.0001571,4.313E-07,4.36174E-05,0.0073836
5.4376,3.7534,1.0229,3.75,0.0026838,0.0101925,5.4812E-06,0.0007458,0.0000546,0.0000372,0.0016758,0.000161,1.0705E-06,3.9007E-06,0.0006166
1.2106,0.4176,0.1136,4.127,0.0090984,0.013267,4.0182E-06,0.0001687,0.00001,0.0000096,0.0003521,0.0000402,0.000000224,3.4016E-06,0.0005335
2.8592,2.8122,1.333,0.0116,0.0038136,0.0051417,2.2145E-06,0.0001317,0.0000102,0.0000267,0.0004918,0.0000536,3.796E-07,0.000001069,0.0000173
15.788,17.0519,5.6264,55.5494,0.1533717,0.0333562,0.000135852,0.0048639,0.0001629,0.0005001,0.0008459,0.0001468,1.2696E-06,5.59102E-05,0.004495
14.5304,8.0572,2.7172,62.912,0.043478,0.0231662,0.000141875,0.0018317,0.0001173,0.0004617,0.0004277,0.0001361,0.000000744,7.17301E-05,0.0021844
12.7884,16.6792,7.3966,10.1872,0.2434747,0.0271457,0.003311208,0.0039117,0.0001204,0.0004218,0.0003286,0.0001793,5.607E-07,5.49191E-05,0.0071844
9.0005,3.9156,1.6211,59.6417,0.0473965,0.022272,5.47135E-05,0.0008149,0.00009,0.000217,0.0005944,0.0000874,4.168E-07,3.70792E-05,0.0036441
10.9419,28.0257,18.1996,16.5536,0.142999,0.0202514,0.000298939,0.0016734,0.0001095,0.0004649,0.0004092,0.0001084,1.2114E-06,3.79427E-05,0.0011899
0.34,0.2348,0.0832,0.2013,0.0044005,0.0032671,7.5341E-06,0.000064,0.0000036,0.0000136,0.000027,0.0000121,2.16E-08,2.3574E-06,0.0027118
14.8955,11.0572,4.0878,2.5759,0.0098904,0.0233906,5.02039E-05,0.000492,0.0004844,0.0001588,0.0038984,0.0004152,6.071E-07,1.26284E-05,0.0278934
9.1782,22.585,15.2094,33.7111,0.0437588,0.0394633,0.00021922,0.0011368,0.0000526,0.000228,0.00043,0.000414,3.921E-07,3.61311E-05,0.0006277
22.336,15.8224,5.4381,12.886,0.0790934,0.0209102,0.000291975,0.0033124,0.000165,0.0008768,0.0002046,0.000203,1.5311E-06,0.000118323,0.008211
0.0304,0.077,0,59.7774,0.0143639,0.0039646,0,0.000009,0.0000028,0.0000075,0.000014,0.000012,0,3.9346E-06,0.001185
0.0397,1.2561,0.1485,0.3967,0.0032394,0.0020105,4.08935E-05,0.0005891,0.0000019,0.0000014,0.0000118,0.0000028,0,0.000000767,0.0005802
1.6405,0.2997,0.0401,17.7974,0.0132213,0.0160061,2.6136E-06,0.0010274,0.0000379,0.0000178,0.0007021,0.000074,0,0.000008808,0.0116845
1.4321,2.2033,1.0935,9.1764,0.0105708,0.017813,0.000314735,0.0018808,0.0000426,0.0000228,0.0003127,0.0001528,0,0.000010858,0.003658
3.0821,0.6054,0.0056,17.8548,0.0067724,0.029141,6.5247E-06,0,0.0000365,0.0000725,0.0007266,0.0000721,0,0.000008557,0.0100698
3.5419,15.1683,13.2796,31.372,0.0791413,0.0310994,3.36748E-05,0.0000862,0.000046,0.0001468,0.0003497,0.0000594,0.000000503,4.8879E-06,0.0026334
20.6963,6.2459,2.5164,133.819,0.0995469,0.0557111,3.35371E-05,0.0020144,0.0002282,0.0009306,0.0020618,0.0001618,5.232E-07,6.61242E-05,0.0079197
7.3432,10.4632,5.1137,43.6168,0.0453244,0.0197675,6.03928E-05,0.0021326,0.000082,0.0003771,0.0007361,0.000058,2.483E-07,2.21114E-05,0.00268
0.2032,0.2195,0.0863,12.6927,0.0016182,0.0019384,0,0.0003089,0.0000022,0.0000048,0.0000214,0.0000055,0,5.475E-07,0.0000635
2.0054,1.0344,0.5144,15.6075,0.0096378,0.0116163,0.000160055,0.0008026,0.0000328,0.000025,0.0004803,0.0000478,2.2E-09,7.4928E-06,0.0079
4.7669,5.9695,1.0432,36.4512,0.0203822,0.0152708,6.4443E-06,0.0025738,0.0000495,0.0001472,0.0004415,0.0000656,1.006E-07,1.59616E-05,0.0017513
5.7979,5.0366,3.7087,31.668,0.1513995,0.0326195,0.003840847,0.0005668,0.0001299,0.0001463,0.000715,0.000155,8.63E-08,1.99529E-05,0.0364591
0.4638,3.9514,2.7828,9.7708,0.0081813,0.0107734,3.34752E-05,0.0001209,0.000006,0.00001,0.0001748,0.0000094,1.8E-09,9.949E-07,0.0007453
7.857,4.3402,2.0149,19.32,0.155632,0.0307832,0.000021442,0.0021178,0.0000822,0.0001188,0.0003008,0.0000338,3.354E-07,2.65219E-05,0.0001841
0.6456,2.5528,0.2901,3.9462,0.0009264,0.0050872,0,0.001145,0.00002,0.0000066,0.0003559,0.0000372,0,0.000002855,0.0073758
0.2964,0.0413,0.0286,24.1142,0.0054638,0.0059706,0.000524527,0.0000538,0.0000147,0.0000134,0.0000993,0.0000264,0,0.000002519,0.0050566
1.657,0.1774,0.021,9.6266,0.0084165,0.01952,0,0.00001,0.0000435,0.0000174,0.0008509,0.0000778,0,6.4104E-06,0.0147592
0.3761,1.5306,1.386,2.6562,0.0003636,0.003382,0,0.0000175,0.0000026,0.000001,0.0000639,0.0000055,0,1.3982E-06,0
0.06,0.2031,0.0828,0.5844,0.0007625,0.000375,0,0.0002984,0.0000006,0.0000005,0.0000088,0.0000012,0,0,0
28.9905,22.635,6.7664,0,0.013695,0.034005,0.000114404,0.000495,0.000216,0.000105,0.012561,0.000945,0.00000036,0.000017835,0.0014895
7.7776,6.2068,2.759,3.3206,0.07159,0.0105214,0.000103689,0.000943,0.0000671,0.000332,0.000171,0.0000755,7.667E-07,3.36024E-05,0.0004934
6.0777,16.8992,11.012,22.8722,0.0905609,0.0128178,0.000181222,0.0009619,0.000061,0.0002873,0.0002008,0.0000671,7.559E-07,0.000020424,0.0004556
6.3868,4.4553,1.5355,2.0935,0.0256868,0.008159,8.22671E-05,0.0009062,0.0000488,0.0002483,0.000085,0.0000686,4.313E-07,3.41914E-05,0.0008966
55.3605,34.1263,10.3777,31.0786,0.3312147,0.1396968,0.00019665,0.0069734,0.0005049,0.0004663,0.0147729,0.0012358,7.913E-07,0.000135236,0.0313405
17.2621,14.778,7.4248,3.6539,0.1948606,0.0184886,0.000244813,0.0020301,0.0001207,0.0006216,0.0002685,0.0001317,9.749E-07,0.000071246,0.0006982
0.6266,0.4424,0.1523,0.0903,0.0021634,0.0005683,8.2247E-06,0.0000903,0.0000045,0.0000247,0.0000058,0.0000057,4.31E-08,0.000003333,0.0000309
10.1175,12.2806,4.7825,3.8532,0.0296693,0.0207137,8.8035E-06,0.0039552,0.000046,0.0001009,0.0017945,0.00023,1.2652E-06,7.3976E-06,0.0012066
8.0563,16.2338,9.8305,11.2309,0.0330413,0.0237632,0.00018578,0.001304,0.0000912,0.0002749,0.0009173,0.0001382,4.366E-07,0.000040924,0.0154549
9.9501,5.8516,2.7088,27.0546,0.0812557,0.0201421,8.74154E-05,0.0009788,0.0000973,0.0003102,0.0004822,0.0000898,7.259E-07,3.84641E-05,0.0019807
13.046,24.3962,15.8334,67.6218,0.0637287,0.0305283,0.000236502,0.001794,0.0001293,0.0002911,0.0007909,0.0001152,5.199E-07,5.18598E-05,0.0037207
4.3228,12.2604,7.6504,37.4453,0.0796006,0.0109528,0.00011994,0.0009938,0.000064,0.0001934,0.0002411,0.0000269,2.472E-07,1.40291E-05,0.0001031
7.2386,4.424,1.5232,2.7431,0.022068,0.0124999,8.22465E-05,0.0009026,0.0000458,0.000261,0.0001764,0.000178,4.313E-07,0.000038643,0.0003093
4.0685,2.4002,0.8441,11.6352,0.0145468,0.005791,4.21954E-05,0.000517,0.0000328,0.0001348,0.0001108,0.0000372,2.324E-07,2.00714E-05,0.0005448
6.2648,16.2862,10.6207,37.2669,0.0235153,0.012799,0.000160431,0.001088,0.000057,0.0001663,0.0002926,0.0000567,2.553E-07,2.76738E-05,0.001443
7.6719,15.5162,10.2366,58.215,0.0357134,0.0201578,0.000146176,0.0010536,0.0000762,0.0003852,0.0005843,0.0000681,2.614E-07,2.87507E-05,0.0022032
6.8658,18.8429,12.2813,14.5255,0.1017793,0.0136222,0.000202152,0.0010703,0.0000687,0.0003195,0.0002308,0.0000769,8.523E-07,2.29167E-05,0.000513
9.3262,5.9009,3.1004,31.307,0.077901,0.0197072,7.62946E-05,0.0008487,0.0000965,0.0002587,0.0005492,0.0000822,6.353E-07,3.34324E-05,0.0022898
10.8016,9.7723,5.2307,102.583,0.1774961,0.0303628,0.000146573,0.0010236,0.0001116,0.0005306,0.0003976,0.0001396,1.4373E-06,3.41462E-05,0.0008616
6.9995,6.2772,3.3224,16.7115,0.1084098,0.0140684,9.48562E-05,0.000677,0.0000714,0.0003269,0.0002499,0.0000757,9.135E-07,2.27279E-05,0.0005498
10.3749,16.5126,9.9054,37.3378,0.0295048,0.0171728,0.000182672,0.0015596,0.0000893,0.0002851,0.0004112,0.0000894,4.366E-07,4.86874E-05,0.0020872
7.4232,12.762,3.453,15.6836,0.0557951,0.0545578,5.53115E-05,0.0038299,0.0000472,0.0002437,0.0005957,0.0000505,1.452E-07,2.23335E-05,0.0004443
11.2318,9.9835,6.2146,64.0239,0.0509798,0.0284851,9.31156E-05,0.0010646,0.0001178,0.0004503,0.0009557,0.0000895,3.289E-07,3.97326E-05,0.0038246
12.544,24.263,15.9934,71.2174,0.0757644,0.0302102,0.000229941,0.001664,0.0001301,0.0002792,0.0008239,0.0001083,5.598E-07,0.000046547,0.0037696
22.2997,18.2698,5.1496,9.3335,0.0664641,0.0415897,0.00024674,0.0049879,0.0001382,0.0007916,0.0006003,0.0006066,1.2939E-06,0.000119117,0.0009278
6.2661,4.4257,1.5238,2.5651,0.0237437,0.007607,8.22465E-05,0.0009026,0.0000449,0.0002475,0.0000577,0.0000577,4.313E-07,3.33305E-05,0.0003144
10.0456,8.881,4.6128,19.3721,0.1473125,0.0191162,0.000135852,0.0010034,0.0001004,0.0004634,0.0003409,0.0001066,1.2696E-06,3.40102E-05,0.0007695
2.368,1.4046,0.46,2.2524,0.0210472,0.007433,0.000588863,0.0005991,0.000029,0.0000734,0.0001344,0.0000499,1.078E-07,1.15358E-05,0.0073551
0.2382,0.2342,0.111,0.0002,0.0000672,0.0002103,1.845E-07,0.000011,0.0000008,0.0000022,0.000041,0.0000045,3.16E-08,8.91E-08,0.0000008
12.3686,9.9252,2.7961,6.0657,0.0116175,0.0187488,5.86963E-05,0.0009887,0.0000973,0.0001105,0.0043622,0.0004742,2.278E-07,2.10761E-05,0.0012368
21.9312,18.1415,4.5092,64.4869,0.0142682,0.0386762,6.48547E-05,0.0028789,0.0001838,0.0000788,0.0079257,0.0006102,2.015E-07,2.53281E-05,0.0008864
4.9727,9.1968,6.2708,18.8608,0.0876649,0.010862,0.000100112,0.0005484,0.000044,0.0001219,0.0003424,0.0000336,1.916E-07,1.72626E-05,0.0002174
5.2124,9.9168,6.6262,26.3436,0.0858351,0.011997,0.000108263,0.0006272,0.0000468,0.0001392,0.000342,0.0000392,2.374E-07,2.03394E-05,0.0005219
2.7288,2.245,1.0767,9.9375,0.0320329,0.0055974,3.55762E-05,0.0002909,0.0000257,0.0001204,0.0000964,0.0000305,2.971E-07,1.06565E-05,0.0005216
22.3837,23.8387,5.9363,64.9371,0.0759232,0.0304442,0.000248884,0.0075254,0.0001737,0.000784,0.0004873,0.0002095,1.3274E-06,0.000113159,0.0024702
2.3197,1.3732,0.3816,0.9234,0.0110068,0.0056022,1.5297E-06,0.0004135,0.000022,0.0000144,0.00048,0.0000625,3.141E-07,3.9388E-06,0.0001577
26.0193,17.2753,8.2153,37.1827,0.0265681,0.0464463,0.001757135,0.0016525,0.0003052,0.0002569,0.0039824,0.0016081,2.2773E-06,0.000062702,0.0324665
6.213,21.9828,14.6554,30.7942,0.0205368,0.0115498,0.000208499,0.001319,0.0000585,0.0001585,0.0002825,0.0000519,2.244E-07,2.78752E-05,0.0049812
0.0464,2.5098,0.2944,5.3031,0.0015872,0.0009227,0.000078679,0.0011486,0.0000024,0.0000018,0.0000158,0.0000041,0,6.238E-07,0.0008326
10.2226,2.498,1.2577,69.1132,0.0528173,0.0278185,0.000018252,0.000668,0.0001138,0.0003359,0.0009648,0.0000818,2.851E-07,3.30811E-05,0.0039702
0.0889,0.0124,0.0086,1.2705,0.0012605,0.0011492,0.000157358,0.0000161,0.0000044,0.0000022,0.0000298,0.0000062,0,7.557E-07,0.001517
0.4832,0.12,0.0476,4.7459,0.0101973,0.0046668,8.24E-08,0.000014,0.0000158,0.0000052,0.0001094,0.0000454,0,3.4435E-06,0.0023338
10.3074,9.5489,1.819,61.4579,0.0410451,0.0270394,1.29265E-05,0.0040779,0.0001119,0.0005844,0.0010845,0.0000771,2.012E-07,3.30132E-05,0.0039292
2.7312,1.8042,0.9206,88.7394,0.0093986,0.0325989,1.69582E-05,0.0000401,0.0000322,0.000089,0.00064,0.0000856,6E-10,0.000006883,0.0088
5.9665,7.1769,5.0558,46.7039,0.1693417,0.0268486,7.30443E-05,0.0001347,0.0000843,0.000306,0.000587,0.0000896,1.1178E-06,5.4248E-06,0.0035322
5.7611,11.7533,8.0835,36.7645,0.0248696,0.0161112,9.85157E-05,0.0007024,0.000063,0.0002706,0.0005742,0.0000436,1.054E-07,1.87212E-05,0.0022203
4.4157,1.1231,0.5809,24.3263,0.0248255,0.0120661,8.5943E-06,0.0002802,0.0000492,0.0001935,0.000435,0.000034,1.342E-07,1.37962E-05,0.0016652
1.3824,12.8357,3.0016,44.4633,0.0052251,0.0163578,2.52167E-05,0.0046403,0.0000163,0.000046,0.00032,0.0000429,1.2E-09,0.000003446,0.0044
10.9185,7.7067,4.9585,62.544,0.0656966,0.0300085,6.44107E-05,0.0008266,0.0001217,0.000558,0.0010997,0.000085,3.543E-07,3.32999E-05,0.0040448
4.6854,3.6509,1.3432,0.009,0.0051754,0.0078363,5.3286E-06,0.0001014,0.0001572,0.0000458,0.0011952,0.0000834,2.024E-07,8.439E-07,0.0003436
4.5827,2.4367,0.9379,60.0354,0.0919309,0.0184507,1.72982E-05,0.0007679,0.0000802,0.0001331,0.0006157,0.0000269,1.192E-07,1.64136E-05,0
4.6874,6.1324,1.9464,35.9236,0.0598914,0.0179776,2.46584E-05,0.0020095,0.0000605,0.0001104,0.0007622,0.0000546,3.856E-07,2.12864E-05,0.0002125
0.7503,1.8452,0.5502,4.298,0.0168368,0.0025078,6.9774E-06,0.0005936,0.0000097,0.0000974,0.0000864,0.0000082,0.000000109,6.359E-07,0.0001246
3.6289,4.2786,2.966,35.622,0.1217869,0.0148217,5.14609E-05,0.0000967,0.0000534,0.0002131,0.0002719,0.0000526,8.048E-07,6.526E-07,0.0004418
5.4434,6.4179,4.4491,88.2218,0.1848889,0.0259775,7.71914E-05,0.0001451,0.0000801,0.0003302,0.0004079,0.000089,1.2073E-06,9.788E-07,0.0006628
1.3627,5.1873,0.6493,5.9639,0.1136791,0.0331262,0.00012432,0.0034886,0.0000611,0.0000683,0.0003507,0.0001013,0,0.00004625,0.0157663
1.143,0.4836,0.1808,53.0954,0.0237933,0.0371142,1.52934E-05,0.0020843,0.0000247,0.0000377,0.000488,0.0001097,0,4.49525E-05,0.0029277
1.3824,2.8404,1.8412,24.584,0.0039631,0.0142178,2.52167E-05,0.0000803,0.0000163,0.00004,0.00032,0.0000371,1.2E-09,0.000003446,0.0044
0.8892,22.6133,2.6967,49.9786,0.0149716,0.0155044,0.00157358,0.0104212,0.000044,0.0000335,0.0002979,0.0000727,0,0.000007557,0.0151696
7.0268,5.4727,2.0134,0,0.0032533,0.007827,7.9928E-06,0.0001521,0.0002357,0.0000686,0.0017928,0.0001251,3.036E-07,1.2658E-06,0.0005038
7.0268,5.4727,2.0134,0,0.0032533,0.007827,7.9928E-06,0.0001521,0.0002357,0.0000686,0.0017928,0.0001251,3.036E-07,1.2658E-06,0.0005038
0.1291,0.0108,0,0.7892,0.0001853,0.0010174,0,0.000001,0.000004,0.0000013,0.0000712,0.0000074,0,0.000000571,0.0014752
5.2875,2.1312,0.6492,3.7312,0.0874062,0.0205062,0,0.0017312,0.00005,0.000025,0.0001562,0.00001,0,0.000021875,0
0.382,2.584,0.316,0.6248,0.0035348,0.0020198,0,0.0012092,0.0000023,0.0000025,0.000017,0.000015,0,0.000001515,0
1.8408,27.1496,18.9361,33.7485,0.0597782,0.0079027,0.00023398,0.0011117,0.0000392,0.0000993,0.0001664,0.0000084,8.62E-08,2.2333E-06,0
0.12,0.4062,0.1657,3.6536,0.0016828,0.0010175,0,0.0005968,0.0000012,0.0000018,0.0000175,0.0000032,0,0,0
7.0052,17.4345,12.0271,48.9918,0.044293,0.0195242,0.000149894,0.0009538,0.0000792,0.000113,0.0005825,0.0000579,2.358E-07,2.33761E-05,0.002669
5.2279,4.9786,2.8338,8.6893,0.0988265,0.01141,7.14943E-05,0.0004336,0.000058,0.0002531,0.000227,0.000057,7.762E-07,1.38216E-05,0.0004551
10.364,26.0545,17.5386,43.4847,0.2150669,0.0283724,0.00027334,0.0014353,0.0001213,0.0004402,0.000704,0.0001227,1.3805E-06,2.17658E-05,0.0008256
6.6971,5.9206,3.0752,10.4298,0.0980506,0.0124766,9.05678E-05,0.0006689,0.000067,0.0003082,0.0002273,0.0000703,8.464E-07,2.26735E-05,0.000513
7.5262,9.198,5.7204,42.8817,0.0349003,0.0173118,9.17843E-05,0.0008707,0.0000762,0.000155,0.0004878,0.0000638,2.808E-07,2.99141E-05,0.0022944
6.6978,11.9938,2.4005,6.036,0.0313126,0.0126646,0.000957274,0.0045925,0.0000676,0.0002627,0.00023,0.0001348,4.313E-07,3.56056E-05,0.0118065
7.7119,7.2051,2.0364,3.0615,0.027667,0.0111934,8.48745E-05,0.0019003,0.000067,0.0002633,0.0005445,0.0001083,6.658E-07,3.52276E-05,0.0041199
4.0568,3.1513,0.3481,10.5,0.0048537,0.0244972,7.2E-09,0.0013704,0.0000138,0.000281,0.0037238,0.000253,1.545E-07,5.70334E-05,0.0003559
2.043,2.034,1.3868,5.6112,0.0038639,0.0113506,1.67479E-05,0.000062,0.0000096,0.000152,0.0020058,0.0001236,5.87E-08,3.05285E-05,0.0004845
6.2655,4.424,1.5232,0.9026,0.0216342,0.0056832,8.22465E-05,0.0009026,0.0000448,0.000247,0.0000576,0.0000572,4.313E-07,3.33305E-05,0.0003093
14.4684,8.8566,4.5292,38.7253,0.0569261,0.0505825,0.001859611,0.0018128,0.000263,0.0003433,0.0012774,0.0011372,4.331E-07,8.15614E-05,0.0318126
0.2705,1.4991,1.0126,0.1731,0.0027369,0.0003896,1.46147E-05,0.0000716,0.0000024,0.0000121,0.0000057,0.0000026,2.61E-08,1.1231E-06,0.0000164
7.3553,5.6503,2.3989,6.1351,0.0537692,0.0086041,9.86729E-05,0.0009487,0.0000533,0.0002742,0.0000994,0.0000633,4.529E-07,3.47063E-05,0.0010204
0.3133,0.2212,0.0762,0.0452,0.0010817,0.0002842,4.1123E-06,0.0000452,0.0000022,0.0000124,0.0000029,0.0000028,2.16E-08,1.6665E-06,0.0000154
13.6126,7.5602,2.2602,7.8756,0.0074944,0.039689,0.000193901,0.0002277,0.0000776,0.0000929,0.0046818,0.0008044,0.00000012,2.87306E-05,0.0007052
33.2877,30.2785,12.9934,26.7436,0.0886968,0.0474562,0.000158536,0.0033574,0.0008694,0.000414,0.0088514,0.0009822,6.713E-07,7.19992E-05,0.0043064
4.6452,2.2749,0.7619,4.2423,0.0134065,0.011952,4.11233E-05,0.0004513,0.0000281,0.0002388,0.0015613,0.0001192,2.602E-07,3.98142E-05,0.0003055
12.4037,13.1916,6.7986,28.8506,0.0497745,0.0174526,0.000178943,0.0017348,0.0001013,0.000416,0.000342,0.000112,7.334E-07,5.99322E-05,0.001653
7.4033,6.2907,3.7918,36.4426,0.0613064,0.0179231,6.71101E-05,0.0006741,0.0000802,0.0001782,0.0005089,0.0000651,4.445E-07,2.54665E-05,0.0021674
3.3512,21.7945,14.7138,41.1168,0.0639072,0.0099314,0.000198749,0.0011366,0.0000496,0.0001584,0.0001808,0.0000245,1.911E-07,0.000010551,0.0000773
4.3475,13.6539,9.3998,35.3229,0.0094689,0.0114279,0.000117067,0.0007432,0.0000456,0.0000543,0.0003405,0.0000347,3.46E-08,0.000016852,0.0017139
6.9299,18.3791,12.0772,36.2164,0.0268069,0.0140027,0.00017824,0.0011924,0.0000646,0.0001743,0.0003488,0.0000604,0.000000273,2.98819E-05,0.0017063
35.8698,82.0517,56.2843,279.7615,0.1115695,0.0984322,0.000692284,0.0054589,0.0003836,0.0003275,0.0030592,0.0002827,7.81E-08,0.000134913,0.0153425
6.1052,20.5259,14.124,49.302,0.0141607,0.0158455,0.000177657,0.0010951,0.0000634,0.0000839,0.0004617,0.0000494,6.26E-08,2.39212E-05,0.0023246
4.0756,18.3713,12.0708,24.905,0.0418806,0.0076732,0.00018043,0.0010874,0.0000423,0.0001774,0.000112,0.0000352,2.599E-07,1.77879E-05,0.0001546
10.8354,9.0784,5.6236,56.8977,0.0561032,0.0277834,0.000086926,0.0009646,0.0001127,0.0007231,0.0010266,0.0000859,0.000000362,0.000035925,0.0034042
2.8815,8.077,5.486,19.4298,0.0065858,0.0070358,7.11811E-05,0.000476,0.0000293,0.0000427,0.0002068,0.0000228,3.96E-08,0.000011577,0.0010424
1.6258,0.062,0,4.1051,0.0016129,0.0090374,0,0,0.0000059,0.0001163,0.0015396,0.0001003,4.45E-08,2.35756E-05,0.0001483
4.7728,3.3342,1.149,1.0748,0.0181663,0.0052436,9.64779E-05,0.0007797,0.0000369,0.0001891,0.000093,0.0000626,3.235E-07,2.60744E-05,0.0024051
7.8319,5.5301,1.904,1.1282,0.0270428,0.007104,0.000102808,0.0011283,0.000056,0.0003088,0.000072,0.0000715,5.391E-07,4.16631E-05,0.0003866
0.6602,4.3191,2.9141,0.2775,0.0032151,0.000685,4.16999E-05,0.0002107,0.000005,0.0000277,0.0000058,0.0000059,4.49E-08,0.000003342,0.0000309
11.3688,8.0707,2.8158,1.988,0.0420188,0.010528,0.00014933,0.0016272,0.0000821,0.0004497,0.0001106,0.0001041,7.965E-07,6.00358E-05,0.0005751
11.0766,7.8092,2.4396,1.9636,0.0356073,0.0197778,0.000267435,0.0016265,0.0000992,0.0002942,0.0016098,0.0002217,1.3779E-06,3.99792E-05,0.0037784
11.9723,7.6496,2.3483,15.2628,0.1092974,0.0386549,4.41388E-05,0.0026579,0.0002361,0.0001025,0.0017023,0.0002771,2.292E-07,3.08687E-05,0.0026357
12.8334,12.4921,5.9216,0.4867,0.0039528,0.0121703,9.8449E-06,0.0005858,0.0000455,0.0001199,0.0021969,0.0002498,1.6869E-06,5.2925E-06,0.0001205
1.7051,0.8086,0.3007,3.4365,0.0045582,0.0056898,0.00044479,0.0004078,0.0000523,0.0000375,0.0006185,0.0001542,4.49E-08,7.5387E-06,0.0086732
5.5687,24.2696,16.4246,9.984,0.0913247,0.0112175,0.000240662,0.0011138,0.0000582,0.0002673,0.0001988,0.0000586,7.274E-07,0.000017118,0.0004308
6.2655,4.424,1.5232,0.9026,0.0216342,0.0056832,8.22465E-05,0.0009026,0.0000448,0.000247,0.0000576,0.0000572,4.313E-07,3.33305E-05,0.0003093
5.2289,1.1628,0.3271,46.6934,0.0033849,0.0133943,1.8014E-06,0.000354,0.0000577,0.000017,0.0009546,0.0000791,2.094E-07,1.03421E-05,0.0001051
9.5216,6.6735,2.2995,2.5672,0.0440199,0.0175464,0.00012339,0.0013574,0.0000716,0.0003718,0.0001138,0.0000972,0.000000647,5.08566E-05,0.0010705
17.7682,5.7773,1.8012,92.613,0.0425394,0.0359261,8.53545E-05,0.0017824,0.0001708,0.0003237,0.0010834,0.000144,4.313E-07,8.02541E-05,0.0063759
13.632,17.0967,8.8591,6.1316,0.0684904,0.0312584,0.000235732,0.0020542,0.0001021,0.0005251,0.0004163,0.0001251,9.332E-07,6.81342E-05,0.0006707
25.6684,6.9357,2.2004,189.3776,0.0346514,0.081805,0.000238141,0.0026019,0.0002744,0.0003245,0.0042597,0.0002841,0.000000536,0.000168199,0.0004973
3.6386,4.2342,2.3858,21.359,0.010174,0.0069753,4.97323E-05,0.0004939,0.0000317,0.0000976,0.0001542,0.0000333,1.449E-07,1.70135E-05,0.0007804
0.2865,0.1868,0.0677,0.2099,0.001984,0.0019113,7.79584E-05,0.0000104,0.0000086,0.0000057,0.000102,0.0000083,1.12E-08,8.268E-07,0.0000921
0.8796,0.9814,0.2196,1.1538,0.0122518,0.0090934,1.54276E-05,0.0021584,0.0000094,0.0000243,0.0004375,0.0000634,0.000000006,0.000003105,0.0000325
20.4064,14.9264,4.0577,1.697,0.0126879,0.0319683,2.03956E-05,0.002759,0.0002127,0.000135,0.0061908,0.000627,4.1877E-06,9.5094E-06,0.0021259
31.8374,23.357,7.034,19.1397,0.1784612,0.1093778,0.000285097,0.00409,0.0003172,0.0002156,0.0134874,0.0011693,0.00000036,0.0001206,0.0241289
0.1933,0.0224,0.0081,1.1098,0.0016232,0.0011805,4.36063E-05,0.0000173,0.0000051,0.0000048,0.0000666,0.0000223,1.1E-09,1.5686E-06,0.0009438
8.5458,3.1687,0.9371,11.972,0.1643094,0.0427973,1.06564E-05,0.0026622,0.0000761,0.0000618,0.0003983,0.0001886,2.65E-08,3.79366E-05,0.0004996
1.132,1.2288,0.8757,1.2325,0.0312155,0.0033119,0.00019081,0.0000913,0.0000115,0.0000296,0.0000698,0.0000157,2.16E-08,0.000000884,0.0027405
1.143,0.4836,0.1808,44.8124,0.0232674,0.0362226,1.52934E-05,0.0020843,0.0000247,0.0000352,0.000488,0.0001073,0,4.49525E-05,0.0029277
4.232,18.2155,12.4292,14.5914,0.013739,0.0391436,0.000159338,0.0005418,0.0000503,0.0001093,0.00096,0.0000946,7.9E-09,1.03604E-05,0.0132077
3.7816,7.686,5.371,13.9396,0.1068579,0.0122504,7.85035E-05,0.0002473,0.0000534,0.0001868,0.0002884,0.0000442,0.000000706,0.00000277,0.0006406
1.295,3.3131,2.3306,9.3159,0.0225111,0.006684,3.07353E-05,0.0001196,0.0000139,0.0002148,0.0002005,0.0000116,9.42E-08,1.4826E-06,0.0001837
9.191,13.0865,8.8809,54.4845,0.0596549,0.0270894,0.000111398,0.0008955,0.0001028,0.000473,0.0009182,0.0000723,3.066E-07,2.76444E-05,0.0033539
19.7662,14.6087,5.3746,2.9077,0.026945,0.0437796,2.13143E-05,0.0004055,0.0006309,0.000192,0.0048454,0.0004211,8.095E-07,7.2155E-06,0.0013898
2.3014,41.0844,29.225,7.5002,0.0756171,0.0077244,0.000362627,0.0012564,0.0000337,0.0001408,0.0001473,0.0000268,4.534E-07,4.432E-07,0.0002394
0.2286,0.0967,0.0362,22.2153,0.0054948,0.0086712,3.0587E-06,0.0004169,0.0000049,0.000011,0.0000976,0.0000253,0,8.9905E-06,0.0005855
1.8011,0.3057,0.1716,51.6062,0.0348004,0.0239511,0.003147159,0.0003292,0.0000901,0.0000445,0.0006063,0.0001273,0,1.80649E-05,0.0312281
0.7008,19.4584,13.8345,3.3309,0.0121004,0.0104355,0.000167376,0.00061,0.0000101,0.0000203,0.0001536,0.000028,8.8E-09,1.8642E-06,0.0002157
7,5.3364,3.4536,50.1822,0.0314565,0.0225475,4.24444E-05,0.0005772,0.0000777,0.0003541,0.000705,0.0000772,1.415E-07,2.31739E-05,0.0026243
2.0848,10.5505,4.2627,23.6856,0.0054539,0.019939,4.89835E-05,0.0024405,0.0000246,0.0000569,0.00048,0.0000519,2.3E-09,0.000005172,0.0066
6.836,2.3301,1.3114,41.9923,0.0366256,0.0190404,1.79616E-05,0.0004658,0.0000762,0.000224,0.0006443,0.0000535,1.937E-07,2.20583E-05,0.0026512
1.512,1.7828,1.2358,27.267,0.0515333,0.0075132,0.000021442,0.0000403,0.0000222,0.0000925,0.0001133,0.0000255,3.354E-07,2.719E-07,0.0001841
9.0104,84.9266,60.2356,28.2353,0.2231907,0.0274413,0.000755273,0.0027382,0.0001231,0.0004142,0.0006552,0.0000941,1.3764E-06,1.00271E-05,0.0017524
2.9809,13.8959,9.7355,36.5738,0.0077026,0.0094736,0.000117163,0.0006327,0.0000324,0.0000343,0.0002525,0.0000263,6.1E-09,1.09814E-05,0.00127
21.15,8.525,2.5968,14.925,0.349625,0.082025,0,0.006925,0.0002,0.0001,0.000625,0.0000398,0,0.0000875,0
5.2875,2.1312,0.6492,3.7312,0.0874062,0.0205062,0,0.0017312,0.00005,0.000025,0.0001562,0.00001,0,0.000021875,0
3.9858,6.013,3.8972,24.1541,0.0160346,0.0102838,0.000316917,0.0005504,0.0000454,0.0000707,0.0003222,0.0000471,1.064E-07,1.52974E-05,0.0046033
10.381,4.6568,2.136,51.6643,0.0689136,0.024295,6.25653E-05,0.000916,0.0001067,0.0002483,0.000652,0.0000911,0.000000551,3.96976E-05,0.0028826
19.543,33.5024,9.983,47.8292,0.1372643,0.1319388,0.000165935,0.0094662,0.0001274,0.0006409,0.0014816,0.0001381,4.357E-07,0.000062023,0.0013252
5.5578,17.9807,11.8642,35.8988,0.0186198,0.0112025,0.000175024,0.0011019,0.0000489,0.0001563,0.0002308,0.0000516,2.226E-07,2.54612E-05,0.0011706
6.4196,11.0264,6.74,24.1707,0.0279138,0.011221,0.000120587,0.0009594,0.0000569,0.0001885,0.0002593,0.0000571,3.294E-07,2.88306E-05,0.0012384
4.304,8.8402,5.8624,37.6636,0.0186316,0.0122885,7.93617E-05,0.0007163,0.0000432,0.0000642,0.0003346,0.0000392,8.65E-08,1.75261E-05,0.0015452
9.1288,4.7516,1.5922,29.3664,0.0251827,0.0139456,8.22465E-05,0.0011139,0.0000756,0.0002688,0.0003102,0.0000806,4.313E-07,4.42805E-05,0.0015792
6.9292,18.607,12.6141,52.737,0.016581,0.0172745,0.000164169,0.0011168,0.0000705,0.0001049,0.0004988,0.0000567,1.007E-07,0.000027778,0.0025039
6.7952,11.4567,2.363,22.3356,0.0310961,0.0108574,6.70454E-05,0.0042338,0.0000577,0.0002208,0.0002231,0.0000626,4.073E-07,3.16358E-05,0.00104
22.9008,29.6959,19.6148,111.1963,0.1204662,0.0664079,0.000274173,0.0023176,0.0003144,0.0006664,0.0019292,0.0008556,7.292E-07,9.51936E-05,0.0117638
6.4948,4.4376,1.5296,1.9338,0.0254198,0.0072882,0.000240739,0.0009514,0.0000516,0.0002512,0.0000887,0.000087,4.313E-07,3.60175E-05,0.0010469
10.3103,7.058,2.4308,4.5134,0.0356807,0.0127568,0.000123923,0.0013701,0.000097,0.0003797,0.0004113,0.0001241,6.672E-07,5.23686E-05,0.0047688
2.2124,5.9291,0.8457,6.6075,0.0083121,0.0186578,3.8135E-06,0.0023005,0.00003,0.000017,0.0009818,0.0000679,0.000000012,4.2792E-06,0.0059502
6.5794,4.4731,1.5433,3.172,0.0275571,0.0083088,0.000187935,0.0009398,0.0000547,0.0002515,0.0001148,0.0000922,4.313E-07,3.62697E-05,0.001579
8.2578,7.0982,3.3366,5.8431,0.0062091,0.0157937,7.0902E-06,0.0003612,0.0000488,0.0000802,0.001763,0.0002124,9.488E-07,8.0938E-06,0.0076066
10.8442,6.9106,2.2856,6.229,0.0375828,0.023893,0.000126451,0.001354,0.0000844,0.0004045,0.0004265,0.000119,0.000000647,5.36508E-05,0.0051466
0.9546,0.9415,0.4459,0.0189,0.0062819,0.0060777,7.382E-07,0.0000439,0.0000036,0.0000089,0.000164,0.0000179,1.265E-07,3.563E-07,0.0000186
19.7088,12.5607,4.2898,22.2984,0.0627925,0.0220883,0.000228645,0.0026783,0.0001492,0.0007032,0.0003622,0.0001768,0.000001199,0.000101419,0.0018757
8.4258,6.3785,2.5693,7.5037,0.05625,0.0102577,0.000111561,0.0011073,0.0000672,0.0003489,0.0001371,0.0000811,7.188E-07,4.01597E-05,0.0004816
6.3514,4.4425,1.5241,1.1978,0.0247656,0.0090515,8.24278E-05,0.0009026,0.000046,0.000249,0.0000776,0.0000592,4.313E-07,3.35455E-05,0.000592
22.1834,15.5308,4.6051,11.3816,0.0351856,0.0402341,7.76499E-05,0.0028185,0.0002113,0.000101,0.0086909,0.0010124,0.00000024,3.07856E-05,0.0041209
2.8663,2.338,1.0443,14.7768,0.0478699,0.006288,0.000032936,0.0003932,0.0000364,0.0001285,0.0001344,0.000023,2.541E-07,9.5078E-06,0.0001372
8.808,9.589,5.1318,65.7006,0.1966156,0.0244426,0.000113259,0.0012074,0.000131,0.0004186,0.0005455,0.0000697,0.000000889,2.15469E-05,0.00044
16.226,10.1561,3.7951,41.5386,0.0749236,0.0233598,0.000176286,0.0020387,0.0001327,0.0005656,0.0004301,0.0001507,0.000001047,7.77606E-05,0.0019898
13.7103,25.266,4.0236,63.9752,0.0301662,0.0259887,8.22465E-05,0.0105718,0.0001248,0.0003003,0.0007141,0.0001147,4.313E-07,6.18005E-05,0.0036113
11.9578,30.3312,20.3017,87.1534,0.0288243,0.0284462,0.00027545,0.0019278,0.000118,0.0002094,0.0007863,0.0001002,2.279E-07,0.000049578,0.0039646
3.5788,8.7492,5.7611,26.2846,0.008936,0.0100318,7.51751E-05,0.000635,0.0000357,0.0000556,0.0002634,0.0000288,4.66E-08,1.41119E-05,0.0012501
5.458,3.4364,1.16,23.0367,0.018049,0.0088349,6.20474E-05,0.0007192,0.0000421,0.0001971,0.0001387,0.0000559,3.235E-07,2.82306E-05,0.0011595
7.7902,4.6142,1.5596,22.5983,0.02391,0.0111808,8.24278E-05,0.0010083,0.0000614,0.0002614,0.0002064,0.0000728,4.313E-07,3.93268E-05,0.001281
5.4946,7.3182,1.7166,7.5716,0.0220354,0.006632,6.38291E-05,0.0024385,0.0000428,0.0001987,0.0001114,0.00005,0.000000357,2.74888E-05,0.0005361
4.9316,3.9878,1.6147,2.4751,0.0209263,0.0049494,6.81906E-05,0.0007034,0.0000358,0.0001908,0.0000566,0.0000447,3.306E-07,2.54632E-05,0.0003518
13.851,19.1718,12.5044,86.0808,0.0536736,0.0350596,0.000173502,0.0015658,0.0001438,0.0004868,0.0011404,0.0001109,3.408E-07,5.07201E-05,0.0047875
5.9431,13.651,9.3697,50.9405,0.0105425,0.0162955,0.000112955,0.0008389,0.0000638,0.0000554,0.000506,0.0000464,0.000000013,2.24854E-05,0.0025452
3.775,5.2945,0.7111,16.6122,0.0091109,0.0270028,6.84364E-05,0.0026717,0.0000412,0.0001606,0.0021564,0.0004601,4.45E-08,4.51702E-05,0.054336
6.1733,8.1768,1.0546,27.1049,0.0263974,0.0607829,1.52934E-05,0.0055122,0.0000437,0.0003786,0.0052245,0.0004208,1.335E-07,0.000116787,0.0033766
3.7981,2.0958,1.3818,9.5726,0.0075004,0.0232708,1.67376E-05,0.0000602,0.0000144,0.0002898,0.0038311,0.0002266,1.122E-07,5.78768E-05,0.0003784
7.9474,5.5615,1.9044,76.5947,0.0349754,0.0178187,0.000538768,0.0012442,0.0000646,0.0003372,0.0001466,0.0001186,5.391E-07,4.16631E-05,0.0058341
17.3762,8.7083,2.8364,10.4962,0.2001238,0.0490428,8.53545E-05,0.0044192,0.000159,0.000303,0.0004222,0.0001504,4.313E-07,8.15934E-05,0.0013274
0.5455,0.3958,0.1182,0.0301,0.0008277,0.000621,3.0815E-06,0.0000758,0.000005,0.0000104,0.0001021,0.0000123,8.42E-08,1.2607E-06,0.0000453
6.3579,6.4516,2.9658,3.602,0.0248156,0.0062509,0.000100056,0.0009648,0.0000462,0.0002535,0.0000633,0.0000589,0.000000449,3.33486E-05,0.0003184
19.7584,12.543,4.5238,25.814,0.0794011,0.0243322,0.000222418,0.0025741,0.0001562,0.0006963,0.0004476,0.0001777,1.2555E-06,0.000097718,0.0021477
16.2327,16.95,10.7132,6.7923,0.3424468,0.0224982,0.000250979,0.0013662,0.0001167,0.0005157,0.0001629,0.0000868,7.644E-07,3.87412E-05,0.0014126
16.1058,12.575,3.7591,0,0.0076083,0.0188917,6.35577E-05,0.000275,0.00012,0.0000583,0.0069783,0.000525,0.0000002,9.9083E-06,0.0008275
10.2198,10.0089,2.3369,1.0193,0.063466,0.0657324,1.01978E-05,0.0025195,0.0001082,0.0000675,0.0030954,0.0003135,2.0939E-06,4.7547E-06,0.0012098
10.561,13.5495,4.2603,90.6343,0.2222322,0.0287457,0.000106581,0.0039028,0.0001629,0.0004828,0.0006615,0.0000704,7.942E-07,2.93931E-05,0.0003534
3.1227,1.2619,0.3557,6.2505,0.076774,0.0317013,7.94206E-05,0.000999,0.0000574,0.000063,0.0008845,0.0001871,3.141E-07,3.37238E-05,0.0100657
9.9199,11.008,2.7144,22.2288,0.0369846,0.013441,0.000106025,0.0035516,0.0000794,0.0003363,0.0002532,0.0000901,5.894E-07,4.88214E-05,0.0012397
1.7016,1.8295,1.242,4.0368,0.05326,0.0069374,0.000535104,0.0001632,0.0000332,0.0000921,0.0002054,0.0000512,3.354E-07,9.083E-07,0.0059873
12.1172,14.615,3.8766,101.0426,0.1124475,0.0407414,4.28841E-05,0.0053606,0.000147,0.0002236,0.0015271,0.0001222,6.707E-07,4.92024E-05,0.002952
5.6148,6.4904,4.4762,20.3964,0.1836465,0.0233859,7.94854E-05,0.0004577,0.0000838,0.000313,0.0004811,0.0000835,1.2073E-06,7.7217E-06,0.001102
1.4153,0.1368,0.0118,8.4599,0.0082306,0.0145218,6.95819E-05,0.0002147,0.0000458,0.0000207,0.0008059,0.0001117,0,7.6908E-06,0.0189888
8.533,4.2327,2.5815,56.2562,0.051376,0.0241099,3.46206E-05,0.0006149,0.0000962,0.0002344,0.0007789,0.0000691,2.803E-07,2.72411E-05,0.0032907
6.5094,1.9476,1.0587,37.7842,0.0081689,0.0164789,1.12167E-05,0.0004626,0.0000677,0.0004918,0.0007517,0.0000445,6E-10,0.000021903,0.0025483
9.1072,1.8888,0.9142,56.125,0.040418,0.0244609,0.000012944,0.0005523,0.0000984,0.0007122,0.0010322,0.0000691,2.012E-07,2.75382E-05,0.0032967
5.2268,6.1048,3.9579,34.5734,0.066354,0.0152237,5.39253E-05,0.0005144,0.0000684,0.0003923,0.000563,0.0000384,2.738E-07,0.000012236,0.0014039
8.3502,4.2415,2.6025,49.4132,0.0456499,0.0229347,3.42124E-05,0.0006034,0.000093,0.0003263,0.000806,0.0000649,2.424E-07,2.64808E-05,0.003187
9.222,9.1392,5.0505,51.9568,0.0538392,0.0263258,6.38826E-05,0.0015362,0.0001039,0.0003044,0.0008685,0.0000726,2.706E-07,3.02003E-05,0.0038052
4.5417,7.0273,4.7855,25.2254,0.0290827,0.0126675,5.98792E-05,0.0004628,0.000051,0.0002023,0.0004406,0.0000354,1.535E-07,1.38233E-05,0.0016748
1.4378,0.2369,0.1373,37.7921,0.0265617,0.0190319,0.002517728,0.0002625,0.0000718,0.0000356,0.0004836,0.0001014,0,1.40585E-05,0.0248639
5.715,2.418,0.904,88.2204,0.1077135,0.1664895,0.000076467,0.0104215,0.0001235,0.000135,0.00244,0.0004972,0,0.000224763,0.0146385
0.0561,0.0063,0.0006,0.4429,0.0013306,0.0005412,0.000310768,0.0000212,0.0000021,0.000002,0.0000157,0.0000074,0,8.237E-07,0.000271
10.8708,3.902,1.4784,76.6663,0.0561352,0.0299001,1.93241E-05,0.0012823,0.0001211,0.0003451,0.001021,0.0000879,3.018E-07,3.52847E-05,0.0042335
0.1966,0.0222,0.006,4.4458,0.0002848,0.0010509,0,0.0000169,0.0000023,0.0000015,0.0000421,0.0000028,0,1.3982E-06,0
0.5018,0.0862,0.0519,66.5742,0.0111468,0.0137988,0.000787555,0.0001848,0.0000232,0.0000304,0.0001734,0.0000531,0,6.0261E-06,0.0077312
9.4853,11.4524,7.3238,67.5836,0.0388176,0.0237736,0.00010553,0.0010438,0.0000994,0.0001588,0.000699,0.0000798,2.627E-07,3.62804E-05,0.0033352
8.2103,4.888,1.75,25.3014,0.0316984,0.0121154,8.54628E-05,0.0010354,0.0000666,0.0002749,0.0002262,0.000076,4.816E-07,3.99413E-05,0.0010989
27.6764,23.0966,10.6379,175.6941,0.5378183,0.0683208,0.000306553,0.0038044,0.0003858,0.0012691,0.0015216,0.0002133,2.5169E-06,8.06808E-05,0.0012813
9.6327,4.2709,2.1289,54.933,0.0739444,0.0235514,0.000053146,0.0007724,0.0001033,0.0002259,0.0006618,0.0000862,5.462E-07,3.36232E-05,0.002864
16.2893,18.274,9.997,41.1033,0.0902433,0.0272807,0.000233203,0.002145,0.0001429,0.0005303,0.0005779,0.0001467,1.0325E-06,7.28518E-05,0.0025957
6.5199,11.8135,3.788,15.9742,0.04593,0.0439991,6.08907E-05,0.0031755,0.0000425,0.0002141,0.0004939,0.0000461,1.455E-07,2.06758E-05,0.0004418
4.4735,10.9365,7.2013,32.8557,0.01117,0.0125397,9.39688E-05,0.0007938,0.0000446,0.0000694,0.0003293,0.000036,5.83E-08,1.76398E-05,0.0015627
10.1517,35.9655,24.6351,70.1428,0.0374324,0.0280585,0.000329966,0.0020285,0.0001072,0.0001702,0.0007276,0.000091,1.589E-07,0.000045013,0.0050685
7.2096,10.0739,5.9301,34.4535,0.0299021,0.0132926,0.000114912,0.0010081,0.000064,0.0002086,0.0002977,0.0000658,3.575E-07,3.26818E-05,0.0014283
6.912,4.4805,1.5241,4.8578,0.025567,0.0133887,8.22465E-05,0.0009076,0.0000649,0.0002536,0.0004136,0.0000945,4.313E-07,3.61855E-05,0.0076927
3.7792,2.2684,0.7625,4.4065,0.01475,0.0105472,4.11233E-05,0.0004563,0.0000425,0.0001301,0.0003847,0.0000659,2.156E-07,1.95202E-05,0.0075381
14.0974,9.9542,3.427,2.0307,0.048677,0.012787,0.000185055,0.0020309,0.000101,0.0005558,0.0001298,0.0001287,9.704E-07,7.49936E-05,0.0006958
18.7978,13.2759,4.5708,2.7211,0.0694122,0.0209769,0.00024674,0.0027079,0.0001347,0.000741,0.000173,0.0001716,1.2939E-06,9.99915E-05,0.0009394
6.3863,4.454,1.5351,2.0891,0.0241835,0.0068499,8.22671E-05,0.0009061,0.0000488,0.0002483,0.0000849,0.0000685,4.313E-07,3.41914E-05,0.0008928
10.1754,6.8098,2.347,8.3143,0.054585,0.0191518,0.001062737,0.0015962,0.0000937,0.0003862,0.000285,0.0001632,0.000000647,6.04704E-05,0.0045487
10.0986,7.4525,2.0254,0.009,0.0062036,0.0155643,1.01978E-05,0.0013716,0.0001047,0.0000664,0.0030038,0.0003113,2.0939E-06,4.4918E-06,0.001059
10.2007,7.4644,2.0244,6.7332,0.0056381,0.0138695,1.01978E-05,0.0013733,0.0001052,0.0000678,0.0030183,0.0003243,2.0939E-06,5.7607E-06,0.0012735
38.1464,41.3458,20.5237,0.2396,0.0178264,0.0389983,6.30017E-05,0.0018764,0.0001349,0.0003592,0.0065582,0.0007158,5.0624E-06,1.42622E-05,0.0001436
1.9251,9.3513,6.3227,6.4919,0.026728,0.0038404,9.19766E-05,0.0004374,0.0000188,0.0000908,0.0000568,0.0000206,2.239E-07,6.7928E-06,0.0001355
8.2863,4.9781,1.8122,22.444,0.0352095,0.0130836,8.65349E-05,0.0010375,0.0000676,0.0002782,0.0002318,0.0000761,4.984E-07,3.99549E-05,0.0011112
7.4938,5.6154,2.9678,29.2036,0.0481394,0.0175872,7.07261E-05,0.0007892,0.000073,0.0002,0.0003998,0.0000657,4.178E-07,2.99729E-05,0.0017968
13.8399,9.1578,3.9614,66.5391,0.0900024,0.0308853,9.45788E-05,0.002019,0.0001417,0.0003331,0.0008628,0.000121,7.353E-07,5.17859E-05,0.0038383
9.3267,5.9021,3.1009,31.3115,0.0794042,0.0210164,7.62946E-05,0.0008487,0.0000965,0.0002587,0.0005492,0.0000822,6.353E-07,3.34324E-05,0.0022936
2.2628,1.8347,0.8107,11.7731,0.0372968,0.0049336,2.59199E-05,0.0003138,0.0000287,0.0001011,0.0001053,0.000018,1.965E-07,7.6008E-06,0.000106
1.4049,0.9085,0.3082,4.901,0.0047073,0.0020779,1.65218E-05,0.000189,0.0000106,0.0000518,0.0000306,0.0000141,8.63E-08,7.3126E-06,0.0002474
2.477,5.0548,3.3103,14.0348,0.0131713,0.0057272,4.86461E-05,0.0003509,0.0000248,0.0000574,0.0001504,0.0000216,0.000000106,9.6915E-06,0.0007017
21.2425,41.7407,14.3202,43.3564,0.1522965,0.1467226,0.000216147,0.0106796,0.0001384,0.0006904,0.0016596,0.0001454,4.383E-07,6.56202E-05,0.0014522
15.967,9.2411,3.1292,45.156,0.0481103,0.022271,0.000164493,0.0020588,0.0001266,0.0005229,0.0004183,0.0001451,8.626E-07,0.000079801,0.0021425
8.7326,7.7292,4.4367,31.3627,0.0768311,0.0186074,9.24962E-05,0.0008656,0.00009,0.0002554,0.0004959,0.0000788,6.278E-07,0.00003124,0.0020311
5.6672,6.031,3.1849,21.0743,0.0215413,0.0091492,7.86547E-05,0.0007747,0.0000475,0.0001784,0.0001862,0.0000519,3.044E-07,0.000026888,0.0009102
6.7327,4.3391,2.4219,34.3196,0.0350557,0.0167516,4.69613E-05,0.0006208,0.000069,0.0002331,0.0004996,0.0000556,2.596E-07,2.48845E-05,0.0020709
2.9227,7.4687,4.9238,19.0468,0.0079428,0.0063544,7.08706E-05,0.0004929,0.0000275,0.0000637,0.0001621,0.0000253,0.000000082,1.26955E-05,0.0008187
6.8204,5.357,2.1798,58.723,0.1308646,0.0177396,6.91786E-05,0.0010814,0.0001011,0.000306,0.0003956,0.0000458,4.652E-07,2.10938E-05,0.0002099
7.3533,5.6456,2.4008,1.7871,0.0581838,0.0136795,9.86729E-05,0.0009476,0.0000531,0.0002742,0.0000976,0.0000627,4.529E-07,3.42145E-05,0.0008877
0.9359,0.489,0.1738,1.8397,0.0034385,0.0055767,0.000036125,0.0001962,0.0000163,0.0000177,0.0004746,0.0001324,0.000000006,0.000008269,0.0269106
35.9667,18.6066,8.1355,44.1372,0.0179664,0.1371737,5.47977E-05,0.0005273,0.0006639,0.0005633,0.0089765,0.0018787,9.003E-07,0.000109677,0.0018735
8.1773,4.7746,1.5595,9.5788,0.0286682,0.0233913,8.82344E-05,0.0010231,0.0000711,0.0002851,0.0005296,0.0001132,4.313E-07,3.95823E-05,0.0051158
16.8038,16.4648,3.8247,87.8711,0.0786811,0.0379815,8.63816E-05,0.0061173,0.0001699,0.0003512,0.0010639,0.0001413,6.669E-07,6.63454E-05,0.0073702
16.1495,15.4754,9.5963,86.5474,0.1496832,0.0411894,0.000161679,0.0014702,0.0001778,0.0004072,0.0011234,0.0001461,1.0575E-06,5.30052E-05,0.004682
12.8207,20.0099,3.2449,9.9693,0.1813367,0.0521435,7.2358E-06,0.0105001,0.0001148,0.0000769,0.0007728,0.0002011,2.094E-07,5.28867E-05,0.0008934
0.3212,2.5919,0.3178,0.4878,0.0064176,0.0020603,0.000003108,0.0012394,0.0000038,0.0000084,0.0000916,0.0000075,2.2E-09,3.1887E-06,0.0004016
0.8238,0.4166,0.1209,1.5112,0.0043386,0.0036991,7.04741E-05,0.0003334,0.0000157,0.0000128,0.000271,0.0000788,1.047E-07,4.4482E-06,0.0045633
6.7324,4.9683,1.3503,0.006,0.0041358,0.0103762,6.7985E-06,0.0009144,0.0000698,0.0000443,0.0020025,0.0002075,1.3959E-06,2.9945E-06,0.000706
14.0782,5.9057,2.8834,33.0472,0.0185386,0.032982,0.000004429,0.0006609,0.0002296,0.000126,0.0017058,0.0012874,7.591E-07,5.80818E-05,0.0104276
31.9945,60.7543,40.6367,10.4642,0.6923506,0.0455168,0.000732962,0.0035713,0.0002281,0.0010301,0.0001833,0.0001599,1.5076E-06,7.59674E-05,0.0010039
7.2752,17.1285,10.5521,2.933,0.0607756,0.0141729,0.000195537,0.001288,0.0000598,0.0003068,0.0001256,0.0000689,6.377E-07,3.35205E-05,0.0004352
5.657,4.5868,2.0268,29.4328,0.0932421,0.012334,6.47999E-05,0.0007845,0.0000718,0.0002527,0.0002632,0.0000451,4.914E-07,1.90019E-05,0.0002651
19.9134,13.5891,4.592,62.454,0.0690289,0.0302363,0.000248915,0.0027079,0.0001484,0.000774,0.0004427,0.0002101,1.2939E-06,0.000106248,0.0049688
6.9747,17.9683,11.1671,48.9907,0.0985372,0.0166009,0.000185119,0.0014232,0.0000844,0.0003007,0.0002973,0.0000722,4.598E-07,0.000026056,0.000243
10.4438,7.504,2.0412,5.0114,0.0109594,0.0203392,1.05801E-05,0.0014478,0.0001106,0.0000704,0.0032918,0.0003208,2.0939E-06,6.6503E-06,0.0012257
0.6754,0.3725,0.1012,0.4756,0.0001984,0.0018469,5.099E-07,0.0000686,0.0000056,0.0000048,0.000161,0.0000302,1.047E-07,8.646E-07,0.0000526
0.2698,0.1216,0.0447,1.1454,0.0001506,0.0010628,1.776E-07,0.0000034,0.0000054,0.0000028,0.000047,0.0000127,6.8E-09,4.548E-07,0.0000112
1.0116,0.7499,0.2043,0.018,0.0063326,0.0065312,1.0198E-06,0.0001372,0.0000107,0.0000066,0.0003004,0.0000311,2.094E-07,4.492E-07,0.0001205
10.4,7.7941,2.9002,2.1797,0.038207,0.0093086,0.000131595,0.0015857,0.0001167,0.0003995,0.0001026,0.0000941,6.901E-07,5.43483E-05,0.0006562
0.1719,0.1466,0.0133,0.8219,0.0081787,0.0032887,6.27375E-05,0.0009562,0.000003,0.0000046,0.0000523,0.0000146,0,1.2951E-06,0.000153
8.3549,9.6595,6.7111,83.0962,0.2381662,0.0391218,0.000102359,0.0001885,0.0001186,0.0004344,0.000828,0.0001307,0.000001565,7.8728E-06,0.0051246
0.0112,0.0013,0.0001,0.0886,0.0002661,0.0001082,6.21536E-05,0.0000042,0.0000004,0.0000004,0.0000031,0.0000015,0,1.647E-07,0.0000542
1.4462,0.4099,0.0816,4.1908,0.171019,0.0457824,0.001650168,0.0008566,0.0000382,0.0001083,0.0004856,0.0001052,0,1.25192E-05,0.0081894
10.7272,0.6071,0.4026,43.4019,0.0240071,0.0394752,0.000201384,0.0012018,0.0002844,0.0001247,0.0015205,0.0016703,0,8.26002E-05,0.0739232
4.9602,4.273,1.1097,18.6148,0.0095021,0.0205956,0.000008413,0.00149,0.0000691,0.0000634,0.0024198,0.0001253,0.00000036,2.00184E-05,0.001201
19.0293,14.6239,5.3808,1.6621,0.0112633,0.0232383,2.13349E-05,0.000409,0.0006328,0.0001858,0.004819,0.0003594,8.095E-07,4.8764E-06,0.001927
0.3516,0.0348,0.0104,3.8911,0.0002554,0.0010083,6.51E-08,0.0000181,0.0000039,0.0000009,0.0000545,0.000004,0,8.244E-07,0
6.3159,14.786,10.2243,41.0461,0.0298584,0.0216756,0.000124668,0.0008164,0.000066,0.0000794,0.0005278,0.0000891,1.234E-07,2.20147E-05,0.0023582
9.0812,22.8225,15.8163,54.8101,0.0626373,0.0266238,0.000195605,0.0011975,0.0001028,0.0003465,0.000847,0.0000723,3.194E-07,2.76736E-05,0.0033552
6.7512,2.4685,0.9146,40.2034,0.0339117,0.0177381,1.18077E-05,0.0008247,0.0000752,0.0001981,0.000629,0.0000523,1.844E-07,2.20496E-05,0.0026433
4.5536,2.6977,0.6978,30.6798,0.0224546,0.013227,7.1648E-06,0.0010551,0.0000502,0.0001908,0.0004484,0.0000359,1.118E-07,1.46906E-05,0.0017598
12.0931,5.5736,1.8844,73.703,0.0671291,0.0324285,2.36387E-05,0.0019026,0.0001344,0.0005676,0.0012051,0.000095,3.689E-07,3.75291E-05,0.004528
17.9226,25.9025,17.5752,103.4229,0.1069975,0.0488976,0.000219563,0.001785,0.0002003,0.0007958,0.0017454,0.0001394,0.000000563,0.000055248,0.0066676
1.8719,16.3846,11.5491,34.5298,0.0124136,0.0061062,0.00013948,0.0006326,0.0000217,0.0000256,0.0001579,0.0000173,7.3E-09,8.4108E-06,0.0013051
3.9476,11.6376,1.3884,31.1108,0.0040898,0.0130323,0,0.0053835,0.0000378,0.0000292,0.0003352,0.0000705,0,0.00001506,0.001524
1.2633,9.9401,6.9626,3.609,0.0993695,0.0222727,0.000338123,0.0008033,0.0000302,0.0000738,0.0003002,0.0001069,4.4E-09,8.5849E-06,0.0049415
0.6814,0.9278,0.1312,2.982,0.0568396,0.0165631,6.21598E-05,0.0009843,0.0000306,0.0000342,0.0001754,0.0000506,0,0.000023125,0.0078832
0.8127,0.878,0.3452,11.0122,0.003949,0.0034735,0,0.0012357,0.0000087,0.0000073,0.0000855,0.0000105,0,0.00000219,0.000254
7.3004,4.6871,1.5267,8.8858,0.0415724,0.0189366,0.003750525,0.001936,0.0001188,0.0003001,0.0007012,0.0002758,4.313E-07,0.000035643,0.0468248
8.2859,4.977,1.8118,15.4827,0.0335652,0.0112874,8.65349E-05,0.0010374,0.0000677,0.0002762,0.0002318,0.000074,4.984E-07,3.99549E-05,0.0011081
7.8881,6.6712,1.9759,34.2399,0.0554743,0.0198688,4.46275E-05,0.0021348,0.0000798,0.0006307,0.0006932,0.0000664,0.000000412,2.59277E-05,0.0019572
4.3174,3.7482,1.8314,29.5698,0.0953269,0.011639,4.74545E-05,0.0005649,0.0000639,0.0002037,0.0002658,0.0000335,4.338E-07,1.07101E-05,0.0002154
3.9888,3.511,1.7623,22.8081,0.0847118,0.0102335,4.58238E-05,0.0004896,0.000056,0.0001884,0.0002298,0.0000331,0.000000432,1.01803E-05,0.0002246
8.4233,11.9357,2.4703,44.0493,0.0514617,0.0206918,3.36379E-05,0.0047224,0.0000894,0.0004272,0.000735,0.0000692,3.545E-07,2.79076E-05,0.0026525
10.8016,9.7723,5.2307,15.6112,0.1719748,0.0210002,0.000146573,0.0010236,0.0001116,0.0005044,0.0003976,0.0001142,1.4373E-06,3.41462E-05,0.0008616
6.9321,15.541,10.4293,46.4574,0.0163437,0.01663,0.000137818,0.0010212,0.0000706,0.0001024,0.0005009,0.0000551,0.000000106,2.77333E-05,0.0025076
3.6882,14.9036,10.0956,26.2724,0.0119204,0.0082016,0.000137725,0.0007949,0.0000344,0.000089,0.0001911,0.000033,0.000000114,0.000016029,0.0009663
1.8168,5.267,3.4434,13.1787,0.0053779,0.005844,4.42826E-05,0.0003891,0.0000178,0.0000305,0.0001346,0.000016,2.37E-08,0.00000704,0.0005997
5.6984,27.5822,18.6213,9.2928,0.0654371,0.0097586,0.000269765,0.0013272,0.0000539,0.0002468,0.0001695,0.0000558,5.753E-07,0.000021669,0.0005123
17.0906,16.3262,6.3478,43.7878,0.1552938,0.023694,0.000216622,0.0035924,0.0001345,0.0005991,0.0004827,0.0001465,1.0655E-06,8.08665E-05,0.0015229
7.202,2.3509,1.0199,37.4765,0.0118473,0.0161349,2.35872E-05,0.0006279,0.0000724,0.000198,0.000578,0.0000536,9.33E-08,2.85733E-05,0.0026075
22.9886,29.5494,7.0108,46.025,0.0946435,0.0302395,0.000257461,0.0098216,0.0001826,0.0008121,0.0005326,0.0002111,1.4616E-06,0.000113267,0.0025438
7.9497,5.4257,3.1961,43.6549,0.0340132,0.0190186,0.000052685,0.0007171,0.0000828,0.0002914,0.0006552,0.0000633,2.352E-07,2.86929E-05,0.0026859
10.0373,15.5598,10.7228,47.9014,0.116031,0.0231292,0.000147138,0.0009773,0.000102,0.0001665,0.0006531,0.0000649,2.708E-07,2.78574E-05,0.0030716
9.3593,4.5991,1.596,14.3532,0.0307986,0.0178037,0.001244806,0.001344,0.0001372,0.0002869,0.0004971,0.0005183,4.313E-07,5.19784E-05,0.0182927
6.6418,11.9549,2.403,2.4516,0.0357922,0.0111862,0.000716215,0.0044859,0.0000551,0.0002585,0.0001592,0.0000821,4.431E-07,0.000039737,0.0024349
8.1912,5.3202,2.141,13.9578,0.048405,0.0171654,9.29675E-05,0.0009234,0.0000574,0.0003087,0.0002576,0.0002138,0.000000599,4.00874E-05,0.0004754
15.3782,10.6949,3.2634,7.5281,0.0987428,0.0451211,0.00016147,0.0013582,0.0001578,0.0001648,0.0055829,0.0005794,2.578E-07,5.48423E-05,0.0130466
25.6288,25.7251,9.2404,4.1558,0.1274718,0.0650526,0.000302574,0.0066892,0.0002052,0.0001572,0.0108888,0.0008876,0.0000003,2.41216E-05,0.0054525
9.9137,7.7974,3.3087,15.9467,0.0441054,0.012497,0.000126538,0.0013389,0.0000782,0.0003625,0.0002081,0.0000913,6.651E-07,4.88962E-05,0.0009694
10.672,8.7048,5.021,55.3573,0.0738992,0.0245786,9.81935E-05,0.0010386,0.0001098,0.00033,0.0006954,0.0000947,5.863E-07,3.88733E-05,0.0028984
0.396,0.9171,0.3305,1.0668,0.0037399,0.0037279,0.00000417,0.0002276,0.0000026,0.0000124,0.0000362,0.0000026,4.5E-09,0.000001051,0.00003
14.9229,42.2912,28.6573,116.188,0.0385343,0.0396772,0.000375875,0.0025003,0.0001502,0.00024,0.0010388,0.0001242,2.332E-07,0.000060555,0.0052424
4.5886,18.7387,11.6051,24.9726,0.0248088,0.0233318,0.000153092,0.001739,0.0000368,0.0001296,0.0008723,0.0000403,1.076E-07,1.65503E-05,0.0008357
8.769,10.8465,3.6094,14.8632,0.0784304,0.011452,0.000111285,0.0029379,0.0000662,0.0003025,0.0001513,0.0000708,5.008E-07,3.73819E-05,0.0009125
6.2618,5.2998,2.5213,30.4,0.1132244,0.0142693,7.33767E-05,0.0008006,0.0000806,0.0002868,0.0003085,0.0000524,6.255E-07,1.91106E-05,0.0003388
4.7866,16.6357,11.3929,36.2848,0.0161764,0.0233454,0.000147609,0.0011654,0.0000422,0.000107,0.0025993,0.000054,7.89E-08,1.76443E-05,0.0014062
0.3909,0.293,0.1052,0.0226,0.0006493,0.000403,2.3226E-06,0.0000276,0.000009,0.0000085,0.0000612,0.0000056,2.09E-08,8.754E-07,0.0000245
3.3484,7.709,0.9098,9.7968,0.0120468,0.0229053,0.000952835,0.0035964,0.0000251,0.0002444,0.003257,0.0002589,0.000000089,5.29144E-05,0.017249
3.6184,0.2244,0.0764,12.4749,0.0762276,0.0340482,7.76998E-05,0.000815,0.0000753,0.0001688,0.00186,0.0003309,4.45E-08,6.04467E-05,0.0115662
3.9366,5.1945,0.6162,14.6369,0.0107689,0.0237511,0.000003616,0.0023895,0.0000329,0.0002408,0.0031996,0.0002826,0.000000089,0.000052577,0.0015305
2.1616,1.4799,0.5089,0.5265,0.009159,0.0027211,2.94875E-05,0.000321,0.0000162,0.0000873,0.0000761,0.0000238,1.452E-07,1.26526E-05,0.0003708
19.2379,13.3258,4.5713,3.5513,0.0975145,0.0272849,0.000403813,0.0028703,0.0001507,0.0007768,0.0003271,0.0001954,1.2939E-06,0.000120245,0.006105
12.531,8.8481,3.0463,1.8051,0.0432684,0.0113663,0.000164493,0.0018053,0.0000897,0.000494,0.0001153,0.0001144,8.626E-07,0.000066661,0.0006185
7.9383,5.7972,1.6716,0.2708,0.0084086,0.0094726,3.07926E-05,0.0010938,0.0000762,0.000114,0.0018196,0.0002039,1.3857E-06,1.26942E-05,0.0007236
6.6354,12.535,7.2944,1.7641,0.0349313,0.0079316,0.000153485,0.0011515,0.0000503,0.0002699,0.0000803,0.0000613,5.019E-07,3.34028E-05,0.0003491
11.8831,14.2495,3.1838,9.8072,0.125464,0.0367418,1.43836E-05,0.0055373,0.0002456,0.0000996,0.00171,0.0002259,2.428E-07,2.87988E-05,0.0007778
12.7668,7.5764,2.0676,12.6999,0.0075006,0.029179,1.02184E-05,0.001446,0.0001258,0.0000951,0.0039915,0.0005032,2.0939E-06,1.47465E-05,0.00167
7.8983,5.9165,2.6774,10.1284,0.0123991,0.0277935,7.9613E-06,0.0003469,0.0000658,0.000075,0.0017685,0.000244,7.591E-07,1.11701E-05,0.0147861
16.8498,16.9033,10.1741,35.2229,0.372429,0.0414231,0.000232341,0.0011848,0.0002006,0.0008476,0.0008508,0.0001904,2.7788E-06,3.52338E-05,0.001598
11.1446,9.9174,5.285,29.055,0.1789551,0.031867,0.000151161,0.0016488,0.000119,0.000515,0.000544,0.0001464,1.4373E-06,0.000047632,0.0017398
13.2222,16.4351,9.2522,18.7172,0.1041511,0.0212774,0.003966848,0.0035247,0.0008203,0.0003434,0.0004265,0.000193,4.313E-07,6.06187E-05,0.0064023
20.2526,14.9243,4.0579,0.584,0.0074526,0.0275248,2.11603E-05,0.0028474,0.0002104,0.0001341,0.0060319,0.0006274,4.1877E-06,1.12312E-05,0.002249
18.0462,16.9467,8.3264,90.0845,0.3152212,0.040447,0.000226147,0.0024419,0.0002312,0.000819,0.000869,0.0001482,1.7097E-06,5.72005E-05,0.0009242
4.611,6.1372,1.2322,18.4151,0.0128422,0.007656,4.12139E-05,0.002267,0.0000384,0.0001361,0.0001663,0.0000422,2.156E-07,2.24009E-05,0.000958
13.2303,12.8545,8.2374,81.6811,0.0871294,0.0360448,0.00012091,0.0013478,0.0001411,0.0006629,0.001221,0.0001105,4.256E-07,4.34589E-05,0.004514
4.7135,3.9683,1.8554,29.4436,0.0929668,0.0117094,5.25216E-05,0.0006367,0.0000658,0.0002172,0.0002611,0.0000368,4.418E-07,1.34649E-05,0.0002258
8.7235,6.4375,2.0873,29.5044,0.0396097,0.0137744,8.86792E-05,0.0016326,0.000073,0.0002902,0.0002684,0.0000814,5.319E-07,4.10771E-05,0.0012535
39.335,10.9974,4.3448,241.0253,0.1432346,0.0981086,0.000124884,0.0031699,0.0004033,0.0014263,0.0032137,0.0003175,0.000001011,0.000146599,0.0133591
10.4602,23.0381,15.8577,77.9376,0.054248,0.0299499,0.000194259,0.0013496,0.0001178,0.0001416,0.000896,0.0000846,2.553E-07,3.61477E-05,0.0042031
7.4636,13.3255,5.4914,33.8113,0.0219204,0.0346943,5.03515E-05,0.003332,0.0000569,0.0000658,0.0019362,0.0001161,9.18E-08,2.94966E-05,0.0018858
3.079,2.2615,0.8635,63.574,0.0971575,0.013151,1.62171E-05,0.0006769,0.0000618,0.0001202,0.0002771,0.0000124,1.118E-07,8.3444E-06,0.0007406
10.7666,4.3567,1.3082,10.4777,0.2045276,0.0489546,0.000072718,0.0037254,0.000105,0.0000678,0.000545,0.0001158,0,0.000045365,0.003847
7.817,7.2501,4.7712,52.7268,0.0397348,0.0225437,5.97515E-05,0.0006861,0.0000876,0.0002616,0.0008168,0.0000638,2.036E-07,2.74261E-05,0.0027569
14.2863,8.8575,5.6071,88.1884,0.0838977,0.039898,7.32814E-05,0.0010593,0.0001594,0.0006487,0.0014077,0.0001129,4.495E-07,4.41745E-05,0.0053379
0.0454,2.5074,0.2954,3.1292,0.0037944,0.0034604,0.000078679,0.001148,0.0000023,0.0000018,0.0000149,0.0000038,0,3.778E-07,0.0007662
6.5244,3.1586,1.969,43.026,0.0788532,0.02138,3.21631E-05,0.0003982,0.0000812,0.0001517,0.0007932,0.0000669,0.000000503,2.31504E-05,0.0012922
4.8372,2.2294,0.7537,29.4812,0.0268516,0.0129714,9.4555E-06,0.000761,0.0000538,0.000227,0.000482,0.000038,1.476E-07,1.50116E-05,0.0018112
8.3024,11.9612,8.1142,49.1621,0.0538329,0.0230585,0.00010194,0.0008211,0.0000935,0.0003279,0.000788,0.0000658,2.894E-07,2.54386E-05,0.0030835
0.7042,3.2564,2.2724,38.5737,0.0207406,0.0095955,0.001180739,0.0002221,0.000035,0.0000187,0.0002301,0.0000495,1.4E-09,8.8278E-06,0.0121119
3.5792,0.4094,0.0864,23.1554,0.0036469,0.0089906,0,0.0002641,0.0000384,0.0000234,0.0003156,0.0000256,0,1.36875E-05,0.0015875
7.8225,18.8441,13.3757,32.5081,0.1488704,0.0157903,0.000186549,0.0008646,0.0000668,0.0001432,0.000303,0.0000354,1.065E-07,1.52887E-05,0.0015845
10.0713,3.5691,1.2792,70.1138,0.0479006,0.0274684,1.61078E-05,0.001234,0.0001116,0.0003278,0.0009535,0.0000803,2.515E-07,3.30539E-05,0.0039518
1.7892,7.8652,5.564,17.9709,0.0599732,0.007344,7.48712E-05,0.000227,0.0000263,0.0001067,0.0001303,0.0000257,3.883E-07,3.261E-07,0.0002117
0.1672,2.5044,0.2944,0.6606,0.0002784,0.0005064,0,0.001148,0.0000042,0.0000014,0.0000144,0.0000236,0,1.1189E-06,0.000208
0.2353,0.7423,0.3196,41.6923,0.0031354,0.0050376,7.198E-07,0.0002382,0.0000045,0.0000139,0.0000272,0.0000137,4.2E-09,5.017E-07,0
7.4251,7.5822,4.7226,37.5624,0.0716321,0.0187628,7.97673E-05,0.0006906,0.0000816,0.0001952,0.0005048,0.0000675,0.000000512,0.00002417,0.0020778
9.0789,5.4892,1.9689,48.4678,0.0515988,0.0156504,8.97784E-05,0.0011322,0.0000797,0.0003032,0.000304,0.0000796,5.207E-07,0.000046972,0.0019326
3.3399,3.1961,1.5964,19.7699,0.0670614,0.0119196,2.38491E-05,0.0009065,0.0000445,0.0000782,0.000169,0.000011,0.000000079,1.12574E-05,0.0000206
13.2972,17.1699,10.9094,73.2028,0.0921958,0.0328358,0.000170496,0.0014594,0.0001403,0.0003041,0.0008912,0.0001162,6.736E-07,4.81494E-05,0.003963
1.956,6.1591,4.1278,18.1978,0.0430101,0.0072078,6.53555E-05,0.000475,0.00002,0.0000735,0.0001024,0.000026,1.777E-07,6.4075E-06,0.0003564
3.827,4.59,2.9201,24.1846,0.0148688,0.0094151,4.26055E-05,0.0004258,0.0000398,0.0000634,0.0002781,0.0000313,1.027E-07,1.48744E-05,0.0013342
5.0228,4.4405,2.3064,10.9285,0.0737351,0.0096918,6.79258E-05,0.0005017,0.0000502,0.000232,0.0001704,0.0000536,6.348E-07,1.70051E-05,0.0003848
8.354,5.8987,2.0309,24.3958,0.0303179,0.0100742,0.000109662,0.0012035,0.0000598,0.0003363,0.0000769,0.000083,5.751E-07,4.44407E-05,0.0004123
5.3639,2.7086,0.9954,16.2659,0.0205104,0.0088696,4.43396E-05,0.0006052,0.0000472,0.0001501,0.0002226,0.0000464,0.000000266,0.000024371,0.0010712
4.9255,4.6234,1.318,1.5967,0.0178308,0.0067673,0.000078794,0.0013409,0.00004,0.0001932,0.0001759,0.0001012,3.235E-07,2.89838E-05,0.0136749
30.7666,22.695,6.7902,6.6536,0.0191401,0.0471348,0.000114445,0.000502,0.0002266,0.0001211,0.0127124,0.0010991,0.00000036,2.53168E-05,0.0026564
36.3388,23.2866,7.9561,35.5611,0.1160324,0.0399295,0.000424392,0.0049536,0.0002745,0.0013023,0.0006511,0.0003251,2.2254E-06,0.000187315,0.0033736
14.2876,8.8397,2.5359,23.3309,0.0421297,0.0271846,0.000112074,0.0026744,0.000204,0.000381,0.0006642,0.000875,6.449E-07,8.26571E-05,0.007649
6.9485,4.6907,1.598,1.4337,0.0295774,0.0105388,9.08744E-05,0.0010289,0.0000524,0.0002553,0.0002512,0.0000743,5.247E-07,3.68317E-05,0.0014092
14.0974,9.9541,3.4271,2.0307,0.048677,0.0127871,0.000185055,0.0020309,0.0001009,0.0005558,0.0001297,0.0001287,9.704E-07,7.49936E-05,0.0006958
28.5516,20.4018,6.106,5.9738,0.0754044,0.0472726,9.53366E-05,0.0016596,0.0002168,0.000114,0.0106521,0.0008674,0.0000003,3.40459E-05,0.0013153
11.9545,8.7418,2.6531,6.4684,0.012374,0.0150452,6.02503E-05,0.0004523,0.0000924,0.0001021,0.0042672,0.0003466,2.278E-07,0.000018666,0.0012663
8.1025,4.2341,2.3936,42.0115,0.037592,0.0205972,4.12014E-05,0.0006603,0.000085,0.000396,0.0007277,0.0000632,2.404E-07,2.79605E-05,0.002734
3.9449,3.4229,1.7059,13.2475,0.0681566,0.0084008,4.88937E-05,0.0004567,0.0000471,0.0001816,0.0001764,0.0000359,4.418E-07,1.21971E-05,0.0002504
6.1655,5.7485,3.4632,24.8121,0.0472607,0.0137986,6.17496E-05,0.0006042,0.0000654,0.0001502,0.0004024,0.0000527,3.607E-07,2.16833E-05,0.0020358
28.4633,34.1902,7.543,46.0628,0.0474732,0.0904628,0.000114463,0.0106302,0.000266,0.0001594,0.0138963,0.0009799,0.000000288,9.06362E-05,0.0057166
10.7542,9.8258,2.8394,45.3314,0.072514,0.0237001,0.000064727,0.0031982,0.0001102,0.000392,0.0007324,0.0000922,5.846E-07,3.88644E-05,0.0028996
9.7518,17.1434,11.3262,64.4069,0.0334188,0.0235493,0.000154583,0.001262,0.000101,0.000157,0.0007088,0.0000794,2.258E-07,3.81813E-05,0.0034423
6.9924,7.2383,4.4284,34.9961,0.0276186,0.0163479,7.23836E-05,0.0007496,0.0000695,0.0003222,0.0005425,0.0000561,2.165E-07,2.65026E-05,0.0021035
10.3079,9.8495,6.1725,55.6021,0.0748304,0.0256522,9.65049E-05,0.0009626,0.0001126,0.0002149,0.0007588,0.0000878,5.129E-07,3.53826E-05,0.0033472
9.8944,8.7026,4.4892,26.585,0.1427901,0.0194349,0.000133707,0.0009993,0.0000982,0.0004571,0.0003295,0.0001069,1.2361E-06,3.39831E-05,0.0007511
9.2896,7.9895,3.9949,22.3046,0.1225975,0.0171429,0.000125131,0.0009832,0.0000893,0.0004221,0.0002842,0.0000986,0.000001102,3.38743E-05,0.0006775
4.6575,2.4022,0.798,24.6319,0.0132507,0.0086067,4.13045E-05,0.0005569,0.000039,0.0001386,0.0001776,0.0000449,2.156E-07,2.26616E-05,0.0011264
5.139,17.0072,11.5111,35.4574,0.0139084,0.0117521,0.000154463,0.0009612,0.0000501,0.0000994,0.0003186,0.0000433,1.148E-07,2.17236E-05,0.0016013
4.7884,16.534,11.3426,39.179,0.0121106,0.0124781,0.000144867,0.0008838,0.0000489,0.0000737,0.0003448,0.0000398,6.45E-08,1.91517E-05,0.0017352
2.4817,1.5281,0.517,6.3388,0.0078185,0.0034684,2.75122E-05,0.0003262,0.0000192,0.0000864,0.0000615,0.0000236,1.438E-07,1.27022E-05,0.0004351
14.4613,21.1593,4.7665,22.2691,0.0587769,0.0175625,0.000170211,0.0072487,0.0001121,0.0005297,0.0002802,0.0001331,0.000000952,7.25735E-05,0.001345
12.1215,18.4164,6.1832,71.7914,0.071318,0.0333793,8.42257E-05,0.0057291,0.0001266,0.0005364,0.0010492,0.0001005,3.723E-07,0.000042231,0.004065
8.1164,7.0068,1.875,10.0592,0.0299453,0.0156632,0.000396963,0.0021544,0.0000956,0.000266,0.0002616,0.0003056,4.313E-07,4.60306E-05,0.005431
1.579,0.0643,0.0017,4.0523,0.0016986,0.0084402,0,0.0000032,0.0000073,0.0001159,0.0015382,0.0001,4.45E-08,2.35965E-05,0.0002315
7.5798,1.9839,0.1964,19.1347,0.008289,0.0417325,2.549E-07,0.0007947,0.0000286,0.0005769,0.0076704,0.0004546,2.225E-07,0.000116494,0.0007903
6.3671,16.0566,9.8096,1.4732,0.0277957,0.0086516,0.000182672,0.0012638,0.0000464,0.0002558,0.0000576,0.0000578,4.366E-07,3.33574E-05,0.000317
7.5741,2.4088,0.8911,19.1914,0.0198727,0.0187298,4.17582E-05,0.0007094,0.0001312,0.0001622,0.0004752,0.0006232,2.156E-07,4.54465E-05,0.0053588
18.5466,11.2468,3.1571,15.1208,0.2020723,0.0525872,8.53545E-05,0.0056148,0.0001883,0.0003132,0.0005233,0.0003156,4.313E-07,8.94255E-05,0.0027835
5.0618,5.3006,1.2336,4.3952,0.0362382,0.0142658,0.000174071,0.0023769,0.000046,0.0001456,0.0002861,0.0001265,2.156E-07,0.000025722,0.0079602
38.9982,41.3953,20.5487,3.313,0.0135059,0.0389754,0.000195949,0.0022413,0.0001519,0.0003765,0.0067794,0.0008615,5.0624E-06,1.94292E-05,0.008215
19.194,20.7029,10.2738,1.3063,0.0114625,0.0206658,3.15214E-05,0.0009417,0.0000714,0.0001809,0.0033064,0.0003692,2.5312E-06,0.000007992,0.0006552
30.1683,22.7022,6.803,3.7366,0.0158001,0.0433905,0.000134935,0.0006078,0.0002253,0.0001218,0.0127704,0.0010881,0.00000036,2.58204E-05,0.0176211
1.2232,0.8988,0.2447,0.1168,0.0005953,0.0018801,1.3767E-06,0.0001854,0.0000128,0.0000082,0.0003653,0.0000383,2.513E-07,9.885E-07,0.0001554
37.3196,40.8757,24.8454,9.3473,0.6719383,0.0438602,0.000601855,0.0037273,0.0002585,0.0012124,0.0002129,0.0002087,1.7272E-06,0.000109511,0.0017373
6.3257,4.3089,1.6904,24.5728,0.0533725,0.0149398,3.93234E-05,0.0010844,0.0000676,0.0001587,0.0004166,0.0000548,4.012E-07,2.17105E-05,0.0017644
7.9366,10.5833,6.5184,24.7649,0.0782904,0.0168517,0.000118139,0.0008936,0.0000817,0.0002537,0.000423,0.000073,6.374E-07,2.79686E-05,0.0016557
0.5226,2.3133,1.483,0.1026,0.0036922,0.003324,1.72475E-05,0.0001288,0.0000056,0.0000048,0.0001502,0.0000156,1.056E-07,2.291E-07,0.0000602
8.6109,17.8151,11.9926,36.7358,0.060563,0.0298984,0.000131715,0.0011917,0.0002144,0.0003319,0.0008349,0.0002308,2.031E-07,2.65106E-05,0.0022774
17.2044,0.6872,0.4846,70.8121,0.0380331,0.0553006,8.24E-08,0.000809,0.0004346,0.0001502,0.0015536,0.0024054,0,0.000115331,0.023135
0.2416,0.06,0.0238,2.373,0.0050986,0.0023334,4.12E-08,0.000007,0.0000079,0.0000026,0.0000547,0.0000227,0,1.7218E-06,0.0011669
0.0966,0.024,0.0095,0.9492,0.0020395,0.0009334,1.65E-08,0.0000028,0.0000032,0.000001,0.0000219,0.0000091,0,6.887E-07,0.0004668
2.0484,1.3532,0.6904,66.5545,0.0070489,0.0244492,1.27186E-05,0.0000301,0.0000241,0.0000668,0.00048,0.0000642,4E-10,5.1622E-06,0.0066
0.1729,1.6857,0.1963,0.9284,0.0010906,0.0010739,0.000232512,0.0008271,0.0000073,0.0000041,0.0000494,0.0000293,0,7.459E-07,0.003042
8.8829,0.8977,0.2922,99.7394,0.0124331,0.0299452,0.000788353,0.0005143,0.0001164,0.0000319,0.0014574,0.0001269,0,2.35644E-05,0.0075848
0.057,0.1443,0,77.915,0.0247633,0.0037555,0,0.0000169,0.0000052,0.0000038,0.0000262,0.0000126,0,7.3774E-06,0.0022219
5.896,1.5568,0.5012,34.2888,0.0506449,0.0211856,1.6082E-06,0.0011156,0.0000618,0.0000383,0.0005246,0.0000359,2.52E-08,0.000027164,0.0008393
7.2417,4.0432,2.5986,55.8476,0.1033744,0.0271332,4.28841E-05,0.0004392,0.0000941,0.0001902,0.0010944,0.0000848,6.707E-07,2.96038E-05,0.0004952
1.0237,2.4651,0.7353,5.1734,0.0263059,0.00557,1.13752E-05,0.0008117,0.000014,0.0001307,0.0001211,0.0000125,1.453E-07,1.6187E-06,0.000434
3.9361,6.2817,4.2787,22.9903,0.0240641,0.0112709,5.32559E-05,0.0004149,0.0000442,0.0001375,0.000368,0.0000307,1.231E-07,1.23741E-05,0.0014926
10.9887,24.363,16.8188,65.0386,0.0738769,0.0307416,0.000208889,0.0013423,0.0001238,0.0003775,0.0010142,0.0000949,3.953E-07,3.36396E-05,0.0041645
10.5083,13.4431,9.0532,58.6816,0.0593506,0.0288008,0.000113064,0.0010072,0.0001172,0.000413,0.0010075,0.0000806,3.067E-07,3.31198E-05,0.0039846
1.1557,2.7978,1.8412,20.5075,0.0034195,0.0118611,2.47334E-05,0.0000803,0.0000137,0.0000336,0.0002667,0.0000309,1.2E-09,2.8727E-06,0.0036667
0.8836,2.8947,0.3816,3.9853,0.0237321,0.0151269,7.05478E-05,0.0033142,0.0000104,0.0000158,0.000289,0.0000552,0,4.1775E-06,0.0038354
5.1747,3.2764,2.0715,30.3973,0.0290818,0.0136643,2.69335E-05,0.0003962,0.0000581,0.0001554,0.0004788,0.0000405,1.602E-07,1.65586E-05,0.001994
3.9298,13.3589,9.2982,35.2627,0.0080266,0.0110491,0.000111584,0.000683,0.0000426,0.0000378,0.0003367,0.0000309,5.8E-09,1.46299E-05,0.0016933
2.3713,9.566,6.6837,21.2325,0.0052366,0.0066761,8.03405E-05,0.000458,0.0000257,0.0000239,0.000202,0.0000186,4.2E-09,8.7815E-06,0.001016
6.1625,7.1794,4.9615,10.84,0.2019396,0.0226184,8.72975E-05,0.0003696,0.0000915,0.0003427,0.000502,0.000083,1.3414E-06,5.5828E-06,0.0010292
6.8721,15.7789,1.9064,59.3677,0.0079485,0.018867,0,0.007347,0.0000738,0.0000495,0.000606,0.0000534,0,0.00002628,0.003048
1.512,1.7828,1.2358,17.3274,0.0509023,0.0064432,0.000021442,0.0000403,0.0000222,0.0000896,0.0001133,0.0000226,3.354E-07,2.719E-07,0.0001841
1.6682,0.3828,0.0809,3.3857,0.1546404,0.0366049,0.000407246,0.0007917,0.0000326,0.0001078,0.0005045,0.0001285,0,1.24319E-05,0.0073347
1.657,0.1774,0.021,9.6266,0.0084165,0.01952,0,0.00001,0.0000435,0.0000174,0.0008509,0.0000778,0,6.4104E-06,0.0147592
